Time(Local),Hournumber,Area,FCR-N Price NOK/MW,FCR-N Price EUR/MW,FCR-N Volume MW,FCR-D Price NOK/MW,FCR-D Price EUR/MW,FCR-D Volume MW
01.01.2026 00:00:00 +01:00,1,NO1,,28.9,24,0,,0
01.01.2026 00:00:00 +01:00,1,NO2,,28.9,39,0,,0
01.01.2026 00:00:00 +01:00,1,NO3,,28.9,33,0,,0
01.01.2026 00:00:00 +01:00,1,NO4,,28.9,18,0,,0
01.01.2026 00:00:00 +01:00,1,NO5,,28.9,47,0,,0
01.01.2026 01:00:00 +01:00,2,NO1,,33.82,22,0,,0
01.01.2026 01:00:00 +01:00,2,NO2,,33.82,41,0,,0
01.01.2026 01:00:00 +01:00,2,NO3,,33.82,37,0,,0
01.01.2026 01:00:00 +01:00,2,NO4,,33.82,29,0,,0
01.01.2026 01:00:00 +01:00,2,NO5,,33.82,31,0,,0
01.01.2026 02:00:00 +01:00,3,NO1,,31.3,22,0,,0
01.01.2026 02:00:00 +01:00,3,NO2,,31.3,37,0,,0
01.01.2026 02:00:00 +01:00,3,NO3,,31.3,44,0,,0
01.01.2026 02:00:00 +01:00,3,NO4,,31.3,20,0,,0
01.01.2026 02:00:00 +01:00,3,NO5,,31.3,35,0,,0
01.01.2026 03:00:00 +01:00,4,NO1,,26.1,28,0,,0
01.01.2026 03:00:00 +01:00,4,NO2,,26.1,28,0,,0
01.01.2026 03:00:00 +01:00,4,NO3,,26.1,48,0,,0
01.01.2026 03:00:00 +01:00,4,NO4,,26.1,20,0,,0
01.01.2026 03:00:00 +01:00,4,NO5,,26.1,33,0,,0
01.01.2026 04:00:00 +01:00,5,NO1,,19.0,17,0,,0
01.01.2026 04:00:00 +01:00,5,NO2,,19.0,29,0,,0
01.01.2026 04:00:00 +01:00,5,NO3,,19.0,48,0,,0
01.01.2026 04:00:00 +01:00,5,NO4,,19.0,20,0,,0
01.01.2026 04:00:00 +01:00,5,NO5,,19.0,42,0,,0
01.01.2026 05:00:00 +01:00,6,NO1,,19.0,17,0,,0
01.01.2026 05:00:00 +01:00,6,NO2,,19.0,31,0,,0
01.01.2026 05:00:00 +01:00,6,NO3,,19.0,46,0,,0
01.01.2026 05:00:00 +01:00,6,NO4,,19.0,25,0,,0
01.01.2026 05:00:00 +01:00,6,NO5,,19.0,42,0,,0
01.01.2026 06:00:00 +01:00,7,NO1,,19.0,17,0,,0
01.01.2026 06:00:00 +01:00,7,NO2,,19.0,29,0,,0
01.01.2026 06:00:00 +01:00,7,NO3,,19.0,55,0,,0
01.01.2026 06:00:00 +01:00,7,NO4,,19.0,24,0,,0
01.01.2026 06:00:00 +01:00,7,NO5,,19.0,35,0,,0
01.01.2026 07:00:00 +01:00,8,NO1,,13.0,10,0,,0
01.01.2026 07:00:00 +01:00,8,NO2,,13.0,25,0,,0
01.01.2026 07:00:00 +01:00,8,NO3,,13.0,63,0,,0
01.01.2026 07:00:00 +01:00,8,NO4,,13.0,26,0,,0
01.01.2026 07:00:00 +01:00,8,NO5,,13.0,37,0,,0
01.01.2026 08:00:00 +01:00,9,NO1,,14.0,15,0,,0
01.01.2026 08:00:00 +01:00,9,NO2,,14.0,27,0,,0
01.01.2026 08:00:00 +01:00,9,NO3,,14.0,56,0,,0
01.01.2026 08:00:00 +01:00,9,NO4,,14.0,26,0,,0
01.01.2026 08:00:00 +01:00,9,NO5,,14.0,37,0,,0
01.01.2026 09:00:00 +01:00,10,NO1,,11.84,10,0,,0
01.01.2026 09:00:00 +01:00,10,NO2,,11.84,26,0,,0
01.01.2026 09:00:00 +01:00,10,NO3,,11.84,59,0,,0
01.01.2026 09:00:00 +01:00,10,NO4,,11.84,23,0,,0
01.01.2026 09:00:00 +01:00,10,NO5,,11.84,35,0,,0
01.01.2026 10:00:00 +01:00,11,NO1,,11.84,10,0,,0
01.01.2026 10:00:00 +01:00,11,NO2,,11.84,20,0,,0
01.01.2026 10:00:00 +01:00,11,NO3,,11.84,59,0,,0
01.01.2026 10:00:00 +01:00,11,NO4,,11.84,26,0,,0
01.01.2026 10:00:00 +01:00,11,NO5,,11.84,44,0,,0
01.01.2026 11:00:00 +01:00,12,NO1,,14.1,15,0,,0
01.01.2026 11:00:00 +01:00,12,NO2,,14.1,24,0,,0
01.01.2026 11:00:00 +01:00,12,NO3,,14.1,59,0,,0
01.01.2026 11:00:00 +01:00,12,NO4,,14.1,23,0,,0
01.01.2026 11:00:00 +01:00,12,NO5,,14.1,38,0,,0
01.01.2026 12:00:00 +01:00,13,NO1,,10.5,15,0,,0
01.01.2026 12:00:00 +01:00,13,NO2,,10.5,20,0,,0
01.01.2026 12:00:00 +01:00,13,NO3,,10.5,59,0,,0
01.01.2026 12:00:00 +01:00,13,NO4,,10.5,21,0,,0
01.01.2026 12:00:00 +01:00,13,NO5,,10.5,29,0,,0
01.01.2026 13:00:00 +01:00,14,NO1,,14.0,16,0,,0
01.01.2026 13:00:00 +01:00,14,NO2,,14.0,30,0,,0
01.01.2026 13:00:00 +01:00,14,NO3,,14.0,55,0,,0
01.01.2026 13:00:00 +01:00,14,NO4,,14.0,24,0,,0
01.01.2026 13:00:00 +01:00,14,NO5,,14.0,35,0,,0
01.01.2026 14:00:00 +01:00,15,NO1,,14.3,20,0,,0
01.01.2026 14:00:00 +01:00,15,NO2,,14.3,35,0,,0
01.01.2026 14:00:00 +01:00,15,NO3,,14.3,49,0,,0
01.01.2026 14:00:00 +01:00,15,NO4,,14.3,25,0,,0
01.01.2026 14:00:00 +01:00,15,NO5,,14.3,30,0,,0
01.01.2026 15:00:00 +01:00,16,NO1,,13.1,10,0,,0
01.01.2026 15:00:00 +01:00,16,NO2,,13.1,31,0,,0
01.01.2026 15:00:00 +01:00,16,NO3,,13.1,46,0,,0
01.01.2026 15:00:00 +01:00,16,NO4,,13.1,28,0,,0
01.01.2026 15:00:00 +01:00,16,NO5,,13.1,45,0,,0
01.01.2026 16:00:00 +01:00,17,NO1,,14.0,15,0,,0
01.01.2026 16:00:00 +01:00,17,NO2,,14.0,36,0,,0
01.01.2026 16:00:00 +01:00,17,NO3,,14.0,34,0,,0
01.01.2026 16:00:00 +01:00,17,NO4,,14.0,28,0,,0
01.01.2026 16:00:00 +01:00,17,NO5,,14.0,46,0,,0
01.01.2026 17:00:00 +01:00,18,NO1,,14.3,16,0,,0
01.01.2026 17:00:00 +01:00,18,NO2,,14.3,42,0,,0
01.01.2026 17:00:00 +01:00,18,NO3,,14.3,33,0,,0
01.01.2026 17:00:00 +01:00,18,NO4,,14.3,25,0,,0
01.01.2026 17:00:00 +01:00,18,NO5,,14.3,45,0,,0
01.01.2026 18:00:00 +01:00,19,NO1,,20.0,27,0,,0
01.01.2026 18:00:00 +01:00,19,NO2,,20.0,40,0,,0
01.01.2026 18:00:00 +01:00,19,NO3,,20.0,36,0,,0
01.01.2026 18:00:00 +01:00,19,NO4,,20.0,28,0,,0
01.01.2026 18:00:00 +01:00,19,NO5,,20.0,29,0,,0
01.01.2026 19:00:00 +01:00,20,NO1,,14.3,16,0,,0
01.01.2026 19:00:00 +01:00,20,NO2,,14.3,41,0,,0
01.01.2026 19:00:00 +01:00,20,NO3,,14.3,38,0,,0
01.01.2026 19:00:00 +01:00,20,NO4,,14.3,23,0,,0
01.01.2026 19:00:00 +01:00,20,NO5,,14.3,32,0,,0
01.01.2026 20:00:00 +01:00,21,NO1,,20.0,17,0,,0
01.01.2026 20:00:00 +01:00,21,NO2,,20.0,44,0,,0
01.01.2026 20:00:00 +01:00,21,NO3,,20.0,35,0,,0
01.01.2026 20:00:00 +01:00,21,NO4,,20.0,25,0,,0
01.01.2026 20:00:00 +01:00,21,NO5,,20.0,38,0,,0
01.01.2026 21:00:00 +01:00,22,NO1,,15.0,21,0,,0
01.01.2026 21:00:00 +01:00,22,NO2,,15.0,29,0,,0
01.01.2026 21:00:00 +01:00,22,NO3,,15.0,44,0,,0
01.01.2026 21:00:00 +01:00,22,NO4,,15.0,27,0,,0
01.01.2026 21:00:00 +01:00,22,NO5,,15.0,38,0,,0
01.01.2026 22:00:00 +01:00,23,NO1,,15.0,18,0,,0
01.01.2026 22:00:00 +01:00,23,NO2,,15.0,30,0,,0
01.01.2026 22:00:00 +01:00,23,NO3,,15.0,45,0,,0
01.01.2026 22:00:00 +01:00,23,NO4,,15.0,28,0,,0
01.01.2026 22:00:00 +01:00,23,NO5,,15.0,38,0,,0
01.01.2026 23:00:00 +01:00,24,NO1,,14.1,15,0,,0
01.01.2026 23:00:00 +01:00,24,NO2,,14.1,24,0,,0
01.01.2026 23:00:00 +01:00,24,NO3,,14.1,54,0,,0
01.01.2026 23:00:00 +01:00,24,NO4,,14.1,23,0,,0
01.01.2026 23:00:00 +01:00,24,NO5,,14.1,39,0,,0
02.01.2026 00:00:00 +01:00,1,NO1,,11.4,19,0,,0
02.01.2026 00:00:00 +01:00,1,NO2,,11.4,17,0,,0
02.01.2026 00:00:00 +01:00,1,NO3,,11.4,53,0,,0
02.01.2026 00:00:00 +01:00,1,NO4,,11.4,20,0,,0
02.01.2026 00:00:00 +01:00,1,NO5,,11.4,40,0,,0
02.01.2026 01:00:00 +01:00,2,NO1,,12.0,19,0,,0
02.01.2026 01:00:00 +01:00,2,NO2,,12.0,19,0,,0
02.01.2026 01:00:00 +01:00,2,NO3,,12.0,58,0,,0
02.01.2026 01:00:00 +01:00,2,NO4,,12.0,24,0,,0
02.01.2026 01:00:00 +01:00,2,NO5,,12.0,38,0,,0
02.01.2026 02:00:00 +01:00,3,NO1,,15.0,19,0,,0
02.01.2026 02:00:00 +01:00,3,NO2,,15.0,20,0,,0
02.01.2026 02:00:00 +01:00,3,NO3,,15.0,57,0,,0
02.01.2026 02:00:00 +01:00,3,NO4,,15.0,24,0,,0
02.01.2026 02:00:00 +01:00,3,NO5,,15.0,37,0,,0
02.01.2026 03:00:00 +01:00,4,NO1,,14.9,19,0,,0
02.01.2026 03:00:00 +01:00,4,NO2,,14.9,20,0,,0
02.01.2026 03:00:00 +01:00,4,NO3,,14.9,59,0,,0
02.01.2026 03:00:00 +01:00,4,NO4,,14.9,24,0,,0
02.01.2026 03:00:00 +01:00,4,NO5,,14.9,36,0,,0
02.01.2026 04:00:00 +01:00,5,NO1,,13.0,19,0,,0
02.01.2026 04:00:00 +01:00,5,NO2,,13.0,21,0,,0
02.01.2026 04:00:00 +01:00,5,NO3,,13.0,57,0,,0
02.01.2026 04:00:00 +01:00,5,NO4,,13.0,24,0,,0
02.01.2026 04:00:00 +01:00,5,NO5,,13.0,37,0,,0
02.01.2026 05:00:00 +01:00,6,NO1,,13.0,18,0,,0
02.01.2026 05:00:00 +01:00,6,NO2,,13.0,21,0,,0
02.01.2026 05:00:00 +01:00,6,NO3,,13.0,59,0,,0
02.01.2026 05:00:00 +01:00,6,NO4,,13.0,24,0,,0
02.01.2026 05:00:00 +01:00,6,NO5,,13.0,35,0,,0
02.01.2026 06:00:00 +01:00,7,NO1,,11.4,18,0,,0
02.01.2026 06:00:00 +01:00,7,NO2,,11.4,13,0,,0
02.01.2026 06:00:00 +01:00,7,NO3,,11.4,50,0,,0
02.01.2026 06:00:00 +01:00,7,NO4,,11.4,29,0,,0
02.01.2026 06:00:00 +01:00,7,NO5,,11.4,41,0,,0
02.01.2026 07:00:00 +01:00,8,NO1,,9.0,18,0,,0
02.01.2026 07:00:00 +01:00,8,NO2,,9.0,25,0,,0
02.01.2026 07:00:00 +01:00,8,NO3,,9.0,44,0,,0
02.01.2026 07:00:00 +01:00,8,NO4,,9.0,29,0,,0
02.01.2026 07:00:00 +01:00,8,NO5,,9.0,28,0,,0
02.01.2026 08:00:00 +01:00,9,NO1,,9.0,18,0,,0
02.01.2026 08:00:00 +01:00,9,NO2,,9.0,30,0,,0
02.01.2026 08:00:00 +01:00,9,NO3,,9.0,38,0,,0
02.01.2026 08:00:00 +01:00,9,NO4,,9.0,32,0,,0
02.01.2026 08:00:00 +01:00,9,NO5,,9.0,38,0,,0
02.01.2026 09:00:00 +01:00,10,NO1,,9.0,20,0,,0
02.01.2026 09:00:00 +01:00,10,NO2,,9.0,33,0,,0
02.01.2026 09:00:00 +01:00,10,NO3,,9.0,39,0,,0
02.01.2026 09:00:00 +01:00,10,NO4,,9.0,25,0,,0
02.01.2026 09:00:00 +01:00,10,NO5,,9.0,41,0,,0
02.01.2026 10:00:00 +01:00,11,NO1,,9.0,20,0,,0
02.01.2026 10:00:00 +01:00,11,NO2,,9.0,30,0,,0
02.01.2026 10:00:00 +01:00,11,NO3,,9.0,54,0,,0
02.01.2026 10:00:00 +01:00,11,NO4,,9.0,18,0,,0
02.01.2026 10:00:00 +01:00,11,NO5,,9.0,34,0,,0
02.01.2026 11:00:00 +01:00,12,NO1,,9.0,20,0,,0
02.01.2026 11:00:00 +01:00,12,NO2,,9.0,27,0,,0
02.01.2026 11:00:00 +01:00,12,NO3,,9.0,56,0,,0
02.01.2026 11:00:00 +01:00,12,NO4,,9.0,19,0,,0
02.01.2026 11:00:00 +01:00,12,NO5,,9.0,34,0,,0
02.01.2026 12:00:00 +01:00,13,NO1,,10.2,20,0,,0
02.01.2026 12:00:00 +01:00,13,NO2,,10.2,29,0,,0
02.01.2026 12:00:00 +01:00,13,NO3,,10.2,49,0,,0
02.01.2026 12:00:00 +01:00,13,NO4,,10.2,25,0,,0
02.01.2026 12:00:00 +01:00,13,NO5,,10.2,33,0,,0
02.01.2026 13:00:00 +01:00,14,NO1,,9.0,20,0,,0
02.01.2026 13:00:00 +01:00,14,NO2,,9.0,31,0,,0
02.01.2026 13:00:00 +01:00,14,NO3,,9.0,48,0,,0
02.01.2026 13:00:00 +01:00,14,NO4,,9.0,18,0,,0
02.01.2026 13:00:00 +01:00,14,NO5,,9.0,38,0,,0
02.01.2026 14:00:00 +01:00,15,NO1,,9.0,20,0,,0
02.01.2026 14:00:00 +01:00,15,NO2,,9.0,33,0,,0
02.01.2026 14:00:00 +01:00,15,NO3,,9.0,52,0,,0
02.01.2026 14:00:00 +01:00,15,NO4,,9.0,18,0,,0
02.01.2026 14:00:00 +01:00,15,NO5,,9.0,33,0,,0
02.01.2026 15:00:00 +01:00,16,NO1,,8.9,21,0,,0
02.01.2026 15:00:00 +01:00,16,NO2,,8.9,35,0,,0
02.01.2026 15:00:00 +01:00,16,NO3,,8.9,43,0,,0
02.01.2026 15:00:00 +01:00,16,NO4,,8.9,19,0,,0
02.01.2026 15:00:00 +01:00,16,NO5,,8.9,34,0,,0
02.01.2026 16:00:00 +01:00,17,NO1,,8.44,23,0,,0
02.01.2026 16:00:00 +01:00,17,NO2,,8.44,30,0,,0
02.01.2026 16:00:00 +01:00,17,NO3,,8.44,43,0,,0
02.01.2026 16:00:00 +01:00,17,NO4,,8.44,19,0,,0
02.01.2026 16:00:00 +01:00,17,NO5,,8.44,38,0,,0
02.01.2026 17:00:00 +01:00,18,NO1,,11.0,22,0,,0
02.01.2026 17:00:00 +01:00,18,NO2,,11.0,36,0,,0
02.01.2026 17:00:00 +01:00,18,NO3,,11.0,47,0,,0
02.01.2026 17:00:00 +01:00,18,NO4,,11.0,18,0,,0
02.01.2026 17:00:00 +01:00,18,NO5,,11.0,27,0,,0
02.01.2026 18:00:00 +01:00,19,NO1,,11.5,18,0,,0
02.01.2026 18:00:00 +01:00,19,NO2,,11.5,31,0,,0
02.01.2026 18:00:00 +01:00,19,NO3,,11.5,54,0,,0
02.01.2026 18:00:00 +01:00,19,NO4,,11.5,18,0,,0
02.01.2026 18:00:00 +01:00,19,NO5,,11.5,36,0,,0
02.01.2026 19:00:00 +01:00,20,NO1,,11.0,18,0,,0
02.01.2026 19:00:00 +01:00,20,NO2,,11.0,30,0,,0
02.01.2026 19:00:00 +01:00,20,NO3,,11.0,60,0,,0
02.01.2026 19:00:00 +01:00,20,NO4,,11.0,18,0,,0
02.01.2026 19:00:00 +01:00,20,NO5,,11.0,30,0,,0
02.01.2026 20:00:00 +01:00,21,NO1,,11.5,14,0,,0
02.01.2026 20:00:00 +01:00,21,NO2,,11.5,26,0,,0
02.01.2026 20:00:00 +01:00,21,NO3,,11.5,57,0,,0
02.01.2026 20:00:00 +01:00,21,NO4,,11.5,24,0,,0
02.01.2026 20:00:00 +01:00,21,NO5,,11.5,36,0,,0
02.01.2026 21:00:00 +01:00,22,NO1,,11.5,26,0,,0
02.01.2026 21:00:00 +01:00,22,NO2,,11.5,25,0,,0
02.01.2026 21:00:00 +01:00,22,NO3,,11.5,38,0,,0
02.01.2026 21:00:00 +01:00,22,NO4,,11.5,28,0,,0
02.01.2026 21:00:00 +01:00,22,NO5,,11.5,40,0,,0
02.01.2026 22:00:00 +01:00,23,NO1,,11.6,26,0,,0
02.01.2026 22:00:00 +01:00,23,NO2,,11.6,29,0,,0
02.01.2026 22:00:00 +01:00,23,NO3,,11.6,37,0,,0
02.01.2026 22:00:00 +01:00,23,NO4,,11.6,31,0,,0
02.01.2026 22:00:00 +01:00,23,NO5,,11.6,34,0,,0
02.01.2026 23:00:00 +01:00,24,NO1,,11.5,25,0,,0
02.01.2026 23:00:00 +01:00,24,NO2,,11.5,31,0,,0
02.01.2026 23:00:00 +01:00,24,NO3,,11.5,37,0,,0
02.01.2026 23:00:00 +01:00,24,NO4,,11.5,26,0,,0
02.01.2026 23:00:00 +01:00,24,NO5,,11.5,38,0,,0
03.01.2026 00:00:00 +01:00,1,NO1,,14.5,9,0,,0
03.01.2026 00:00:00 +01:00,1,NO2,,14.5,60,0,,0
03.01.2026 00:00:00 +01:00,1,NO3,,14.5,30,0,,0
03.01.2026 00:00:00 +01:00,1,NO4,,14.5,16,0,,0
03.01.2026 00:00:00 +01:00,1,NO5,,14.5,40,0,,0
03.01.2026 01:00:00 +01:00,2,NO1,,11.82,17,0,,0
03.01.2026 01:00:00 +01:00,2,NO2,,11.82,54,0,,0
03.01.2026 01:00:00 +01:00,2,NO3,,11.82,32,0,,0
03.01.2026 01:00:00 +01:00,2,NO4,,11.82,15,0,,0
03.01.2026 01:00:00 +01:00,2,NO5,,11.82,38,0,,0
03.01.2026 02:00:00 +01:00,3,NO1,,12.67,17,0,,0
03.01.2026 02:00:00 +01:00,3,NO2,,12.67,52,0,,0
03.01.2026 02:00:00 +01:00,3,NO3,,12.67,32,0,,0
03.01.2026 02:00:00 +01:00,3,NO4,,12.67,17,0,,0
03.01.2026 02:00:00 +01:00,3,NO5,,12.67,38,0,,0
03.01.2026 03:00:00 +01:00,4,NO1,,14.5,18,0,,0
03.01.2026 03:00:00 +01:00,4,NO2,,14.5,53,0,,0
03.01.2026 03:00:00 +01:00,4,NO3,,14.5,32,0,,0
03.01.2026 03:00:00 +01:00,4,NO4,,14.5,16,0,,0
03.01.2026 03:00:00 +01:00,4,NO5,,14.5,39,0,,0
03.01.2026 04:00:00 +01:00,5,NO1,,14.5,14,0,,0
03.01.2026 04:00:00 +01:00,5,NO2,,14.5,56,0,,0
03.01.2026 04:00:00 +01:00,5,NO3,,14.5,46,0,,0
03.01.2026 04:00:00 +01:00,5,NO4,,14.5,16,0,,0
03.01.2026 04:00:00 +01:00,5,NO5,,14.5,26,0,,0
03.01.2026 05:00:00 +01:00,6,NO1,,12.67,18,0,,0
03.01.2026 05:00:00 +01:00,6,NO2,,12.67,51,0,,0
03.01.2026 05:00:00 +01:00,6,NO3,,12.67,43,0,,0
03.01.2026 05:00:00 +01:00,6,NO4,,12.67,17,0,,0
03.01.2026 05:00:00 +01:00,6,NO5,,12.67,26,0,,0
03.01.2026 06:00:00 +01:00,7,NO1,,14.5,18,0,,0
03.01.2026 06:00:00 +01:00,7,NO2,,14.5,52,0,,0
03.01.2026 06:00:00 +01:00,7,NO3,,14.5,32,0,,0
03.01.2026 06:00:00 +01:00,7,NO4,,14.5,18,0,,0
03.01.2026 06:00:00 +01:00,7,NO5,,14.5,35,0,,0
03.01.2026 07:00:00 +01:00,8,NO1,,13.6,18,0,,0
03.01.2026 07:00:00 +01:00,8,NO2,,13.6,47,0,,0
03.01.2026 07:00:00 +01:00,8,NO3,,13.6,30,0,,0
03.01.2026 07:00:00 +01:00,8,NO4,,13.6,20,0,,0
03.01.2026 07:00:00 +01:00,8,NO5,,13.6,39,0,,0
03.01.2026 08:00:00 +01:00,9,NO1,,17.38,17,0,,0
03.01.2026 08:00:00 +01:00,9,NO2,,17.38,44,0,,0
03.01.2026 08:00:00 +01:00,9,NO3,,17.38,31,0,,0
03.01.2026 08:00:00 +01:00,9,NO4,,17.38,18,0,,0
03.01.2026 08:00:00 +01:00,9,NO5,,17.38,46,0,,0
03.01.2026 09:00:00 +01:00,10,NO1,,15.0,15,0,,0
03.01.2026 09:00:00 +01:00,10,NO2,,15.0,56,0,,0
03.01.2026 09:00:00 +01:00,10,NO3,,15.0,30,0,,0
03.01.2026 09:00:00 +01:00,10,NO4,,15.0,17,0,,0
03.01.2026 09:00:00 +01:00,10,NO5,,15.0,36,0,,0
03.01.2026 10:00:00 +01:00,11,NO1,,18.58,10,0,,0
03.01.2026 10:00:00 +01:00,11,NO2,,18.58,54,0,,0
03.01.2026 10:00:00 +01:00,11,NO3,,18.58,33,0,,0
03.01.2026 10:00:00 +01:00,11,NO4,,18.58,20,0,,0
03.01.2026 10:00:00 +01:00,11,NO5,,18.58,41,0,,0
03.01.2026 11:00:00 +01:00,12,NO1,,14.5,12,0,,0
03.01.2026 11:00:00 +01:00,12,NO2,,14.5,53,0,,0
03.01.2026 11:00:00 +01:00,12,NO3,,14.5,32,0,,0
03.01.2026 11:00:00 +01:00,12,NO4,,14.5,18,0,,0
03.01.2026 11:00:00 +01:00,12,NO5,,14.5,42,0,,0
03.01.2026 12:00:00 +01:00,13,NO1,,15.0,15,0,,0
03.01.2026 12:00:00 +01:00,13,NO2,,15.0,45,0,,0
03.01.2026 12:00:00 +01:00,13,NO3,,15.0,32,0,,0
03.01.2026 12:00:00 +01:00,13,NO4,,15.0,18,0,,0
03.01.2026 12:00:00 +01:00,13,NO5,,15.0,47,0,,0
03.01.2026 13:00:00 +01:00,14,NO1,,11.82,17,0,,0
03.01.2026 13:00:00 +01:00,14,NO2,,11.82,45,0,,0
03.01.2026 13:00:00 +01:00,14,NO3,,11.82,30,0,,0
03.01.2026 13:00:00 +01:00,14,NO4,,11.82,17,0,,0
03.01.2026 13:00:00 +01:00,14,NO5,,11.82,46,0,,0
03.01.2026 14:00:00 +01:00,15,NO1,,16.89,16,0,,0
03.01.2026 14:00:00 +01:00,15,NO2,,16.89,52,0,,0
03.01.2026 14:00:00 +01:00,15,NO3,,16.89,31,0,,0
03.01.2026 14:00:00 +01:00,15,NO4,,16.89,19,0,,0
03.01.2026 14:00:00 +01:00,15,NO5,,16.89,36,0,,0
03.01.2026 15:00:00 +01:00,16,NO1,,17.3,13,0,,0
03.01.2026 15:00:00 +01:00,16,NO2,,17.3,63,0,,0
03.01.2026 15:00:00 +01:00,16,NO3,,17.3,30,0,,0
03.01.2026 15:00:00 +01:00,16,NO4,,17.3,18,0,,0
03.01.2026 15:00:00 +01:00,16,NO5,,17.3,30,0,,0
03.01.2026 16:00:00 +01:00,17,NO1,,20.0,12,0,,0
03.01.2026 16:00:00 +01:00,17,NO2,,20.0,64,0,,0
03.01.2026 16:00:00 +01:00,17,NO3,,20.0,32,0,,0
03.01.2026 16:00:00 +01:00,17,NO4,,20.0,19,0,,0
03.01.2026 16:00:00 +01:00,17,NO5,,20.0,15,0,,0
03.01.2026 17:00:00 +01:00,18,NO1,,31.0,12,0,,0
03.01.2026 17:00:00 +01:00,18,NO2,,31.0,71,0,,0
03.01.2026 17:00:00 +01:00,18,NO3,,31.0,34,0,,0
03.01.2026 17:00:00 +01:00,18,NO4,,31.0,20,0,,0
03.01.2026 17:00:00 +01:00,18,NO5,,31.0,22,0,,0
03.01.2026 18:00:00 +01:00,19,NO1,,25.1,12,0,,0
03.01.2026 18:00:00 +01:00,19,NO2,,25.1,64,0,,0
03.01.2026 18:00:00 +01:00,19,NO3,,25.1,32,0,,0
03.01.2026 18:00:00 +01:00,19,NO4,,25.1,20,0,,0
03.01.2026 18:00:00 +01:00,19,NO5,,25.1,16,0,,0
03.01.2026 19:00:00 +01:00,20,NO1,,23.9,12,0,,0
03.01.2026 19:00:00 +01:00,20,NO2,,23.9,73,0,,0
03.01.2026 19:00:00 +01:00,20,NO3,,23.9,32,0,,0
03.01.2026 19:00:00 +01:00,20,NO4,,23.9,19,0,,0
03.01.2026 19:00:00 +01:00,20,NO5,,23.9,22,0,,0
03.01.2026 20:00:00 +01:00,21,NO1,,17.3,8,0,,0
03.01.2026 20:00:00 +01:00,21,NO2,,17.3,73,0,,0
03.01.2026 20:00:00 +01:00,21,NO3,,17.3,30,0,,0
03.01.2026 20:00:00 +01:00,21,NO4,,17.3,18,0,,0
03.01.2026 20:00:00 +01:00,21,NO5,,17.3,29,0,,0
03.01.2026 21:00:00 +01:00,22,NO1,,16.89,10,0,,0
03.01.2026 21:00:00 +01:00,22,NO2,,16.89,60,0,,0
03.01.2026 21:00:00 +01:00,22,NO3,,16.89,32,0,,0
03.01.2026 21:00:00 +01:00,22,NO4,,16.89,18,0,,0
03.01.2026 21:00:00 +01:00,22,NO5,,16.89,37,0,,0
03.01.2026 22:00:00 +01:00,23,NO1,,17.3,11,0,,0
03.01.2026 22:00:00 +01:00,23,NO2,,17.3,57,0,,0
03.01.2026 22:00:00 +01:00,23,NO3,,17.3,29,0,,0
03.01.2026 22:00:00 +01:00,23,NO4,,17.3,18,0,,0
03.01.2026 22:00:00 +01:00,23,NO5,,17.3,42,0,,0
03.01.2026 23:00:00 +01:00,24,NO1,,17.3,11,0,,0
03.01.2026 23:00:00 +01:00,24,NO2,,17.3,53,0,,0
03.01.2026 23:00:00 +01:00,24,NO3,,17.3,31,0,,0
03.01.2026 23:00:00 +01:00,24,NO4,,17.3,18,0,,0
03.01.2026 23:00:00 +01:00,24,NO5,,17.3,43,0,,0
04.01.2026 00:00:00 +01:00,1,NO1,,16.0,6,0,,0
04.01.2026 00:00:00 +01:00,1,NO2,,16.0,43,0,,0
04.01.2026 00:00:00 +01:00,1,NO3,,16.0,48,0,,0
04.01.2026 00:00:00 +01:00,1,NO4,,16.0,21,0,,0
04.01.2026 00:00:00 +01:00,1,NO5,,16.0,39,0,,0
04.01.2026 01:00:00 +01:00,2,NO1,,15.0,10,0,,0
04.01.2026 01:00:00 +01:00,2,NO2,,15.0,43,0,,0
04.01.2026 01:00:00 +01:00,2,NO3,,15.0,44,0,,0
04.01.2026 01:00:00 +01:00,2,NO4,,15.0,21,0,,0
04.01.2026 01:00:00 +01:00,2,NO5,,15.0,39,0,,0
04.01.2026 02:00:00 +01:00,3,NO1,,15.0,10,0,,0
04.01.2026 02:00:00 +01:00,3,NO2,,15.0,43,0,,0
04.01.2026 02:00:00 +01:00,3,NO3,,15.0,45,0,,0
04.01.2026 02:00:00 +01:00,3,NO4,,15.0,21,0,,0
04.01.2026 02:00:00 +01:00,3,NO5,,15.0,37,0,,0
04.01.2026 03:00:00 +01:00,4,NO1,,12.0,8,0,,0
04.01.2026 03:00:00 +01:00,4,NO2,,12.0,37,0,,0
04.01.2026 03:00:00 +01:00,4,NO3,,12.0,51,0,,0
04.01.2026 03:00:00 +01:00,4,NO4,,12.0,21,0,,0
04.01.2026 03:00:00 +01:00,4,NO5,,12.0,40,0,,0
04.01.2026 04:00:00 +01:00,5,NO1,,14.9,8,0,,0
04.01.2026 04:00:00 +01:00,5,NO2,,14.9,40,0,,0
04.01.2026 04:00:00 +01:00,5,NO3,,14.9,52,0,,0
04.01.2026 04:00:00 +01:00,5,NO4,,14.9,23,0,,0
04.01.2026 04:00:00 +01:00,5,NO5,,14.9,36,0,,0
04.01.2026 05:00:00 +01:00,6,NO1,,10.0,9,0,,0
04.01.2026 05:00:00 +01:00,6,NO2,,10.0,33,0,,0
04.01.2026 05:00:00 +01:00,6,NO3,,10.0,55,0,,0
04.01.2026 05:00:00 +01:00,6,NO4,,10.0,23,0,,0
04.01.2026 05:00:00 +01:00,6,NO5,,10.0,31,0,,0
04.01.2026 06:00:00 +01:00,7,NO1,,10.7,9,0,,0
04.01.2026 06:00:00 +01:00,7,NO2,,10.7,37,0,,0
04.01.2026 06:00:00 +01:00,7,NO3,,10.7,50,0,,0
04.01.2026 06:00:00 +01:00,7,NO4,,10.7,23,0,,0
04.01.2026 06:00:00 +01:00,7,NO5,,10.7,32,0,,0
04.01.2026 07:00:00 +01:00,8,NO1,,16.0,7,0,,0
04.01.2026 07:00:00 +01:00,8,NO2,,16.0,44,0,,0
04.01.2026 07:00:00 +01:00,8,NO3,,16.0,46,0,,0
04.01.2026 07:00:00 +01:00,8,NO4,,16.0,23,0,,0
04.01.2026 07:00:00 +01:00,8,NO5,,16.0,32,0,,0
04.01.2026 08:00:00 +01:00,9,NO1,,21.0,16,0,,0
04.01.2026 08:00:00 +01:00,9,NO2,,21.0,39,0,,0
04.01.2026 08:00:00 +01:00,9,NO3,,21.0,50,0,,0
04.01.2026 08:00:00 +01:00,9,NO4,,21.0,22,0,,0
04.01.2026 08:00:00 +01:00,9,NO5,,21.0,30,0,,0
04.01.2026 09:00:00 +01:00,10,NO1,,21.0,11,0,,0
04.01.2026 09:00:00 +01:00,10,NO2,,21.0,44,0,,0
04.01.2026 09:00:00 +01:00,10,NO3,,21.0,37,0,,0
04.01.2026 09:00:00 +01:00,10,NO4,,21.0,22,0,,0
04.01.2026 09:00:00 +01:00,10,NO5,,21.0,42,0,,0
04.01.2026 10:00:00 +01:00,11,NO1,,21.0,15,0,,0
04.01.2026 10:00:00 +01:00,11,NO2,,21.0,43,0,,0
04.01.2026 10:00:00 +01:00,11,NO3,,21.0,36,0,,0
04.01.2026 10:00:00 +01:00,11,NO4,,21.0,21,0,,0
04.01.2026 10:00:00 +01:00,11,NO5,,21.0,41,0,,0
04.01.2026 11:00:00 +01:00,12,NO1,,15.62,14,0,,0
04.01.2026 11:00:00 +01:00,12,NO2,,15.62,39,0,,0
04.01.2026 11:00:00 +01:00,12,NO3,,15.62,34,0,,0
04.01.2026 11:00:00 +01:00,12,NO4,,15.62,22,0,,0
04.01.2026 11:00:00 +01:00,12,NO5,,15.62,39,0,,0
04.01.2026 12:00:00 +01:00,13,NO1,,15.0,14,0,,0
04.01.2026 12:00:00 +01:00,13,NO2,,15.0,34,0,,0
04.01.2026 12:00:00 +01:00,13,NO3,,15.0,46,0,,0
04.01.2026 12:00:00 +01:00,13,NO4,,15.0,22,0,,0
04.01.2026 12:00:00 +01:00,13,NO5,,15.0,41,0,,0
04.01.2026 13:00:00 +01:00,14,NO1,,14.5,7,0,,0
04.01.2026 13:00:00 +01:00,14,NO2,,14.5,42,0,,0
04.01.2026 13:00:00 +01:00,14,NO3,,14.5,50,0,,0
04.01.2026 13:00:00 +01:00,14,NO4,,14.5,22,0,,0
04.01.2026 13:00:00 +01:00,14,NO5,,14.5,36,0,,0
04.01.2026 14:00:00 +01:00,15,NO1,,27.1,15,0,,0
04.01.2026 14:00:00 +01:00,15,NO2,,27.1,43,0,,0
04.01.2026 14:00:00 +01:00,15,NO3,,27.1,35,0,,0
04.01.2026 14:00:00 +01:00,15,NO4,,27.1,22,0,,0
04.01.2026 14:00:00 +01:00,15,NO5,,27.1,43,0,,0
04.01.2026 15:00:00 +01:00,16,NO1,,29.0,14,0,,0
04.01.2026 15:00:00 +01:00,16,NO2,,29.0,39,0,,0
04.01.2026 15:00:00 +01:00,16,NO3,,29.0,35,0,,0
04.01.2026 15:00:00 +01:00,16,NO4,,29.0,22,0,,0
04.01.2026 15:00:00 +01:00,16,NO5,,29.0,44,0,,0
04.01.2026 16:00:00 +01:00,17,NO1,,29.3,11,0,,0
04.01.2026 16:00:00 +01:00,17,NO2,,29.3,45,0,,0
04.01.2026 16:00:00 +01:00,17,NO3,,29.3,34,0,,0
04.01.2026 16:00:00 +01:00,17,NO4,,29.3,22,0,,0
04.01.2026 16:00:00 +01:00,17,NO5,,29.3,33,0,,0
04.01.2026 17:00:00 +01:00,18,NO1,,35.3,11,0,,0
04.01.2026 17:00:00 +01:00,18,NO2,,35.3,56,0,,0
04.01.2026 17:00:00 +01:00,18,NO3,,35.3,37,0,,0
04.01.2026 17:00:00 +01:00,18,NO4,,35.3,22,0,,0
04.01.2026 17:00:00 +01:00,18,NO5,,35.3,30,0,,0
04.01.2026 18:00:00 +01:00,19,NO1,,35.0,11,0,,0
04.01.2026 18:00:00 +01:00,19,NO2,,35.0,57,0,,0
04.01.2026 18:00:00 +01:00,19,NO3,,35.0,37,0,,0
04.01.2026 18:00:00 +01:00,19,NO4,,35.0,22,0,,0
04.01.2026 18:00:00 +01:00,19,NO5,,35.0,29,0,,0
04.01.2026 19:00:00 +01:00,20,NO1,,36.1,11,0,,0
04.01.2026 19:00:00 +01:00,20,NO2,,36.1,56,0,,0
04.01.2026 19:00:00 +01:00,20,NO3,,36.1,32,0,,0
04.01.2026 19:00:00 +01:00,20,NO4,,36.1,22,0,,0
04.01.2026 19:00:00 +01:00,20,NO5,,36.1,35,0,,0
04.01.2026 20:00:00 +01:00,21,NO1,,34.6,11,0,,0
04.01.2026 20:00:00 +01:00,21,NO2,,34.6,53,0,,0
04.01.2026 20:00:00 +01:00,21,NO3,,34.6,34,0,,0
04.01.2026 20:00:00 +01:00,21,NO4,,34.6,22,0,,0
04.01.2026 20:00:00 +01:00,21,NO5,,34.6,36,0,,0
04.01.2026 21:00:00 +01:00,22,NO1,,26.7,11,0,,0
04.01.2026 21:00:00 +01:00,22,NO2,,26.7,45,0,,0
04.01.2026 21:00:00 +01:00,22,NO3,,26.7,32,0,,0
04.01.2026 21:00:00 +01:00,22,NO4,,26.7,22,0,,0
04.01.2026 21:00:00 +01:00,22,NO5,,26.7,38,0,,0
04.01.2026 22:00:00 +01:00,23,NO1,,22.1,10,0,,0
04.01.2026 22:00:00 +01:00,23,NO2,,22.1,39,0,,0
04.01.2026 22:00:00 +01:00,23,NO3,,22.1,37,0,,0
04.01.2026 22:00:00 +01:00,23,NO4,,22.1,22,0,,0
04.01.2026 22:00:00 +01:00,23,NO5,,22.1,47,0,,0
04.01.2026 23:00:00 +01:00,24,NO1,,19.1,10,0,,0
04.01.2026 23:00:00 +01:00,24,NO2,,19.1,55,0,,0
04.01.2026 23:00:00 +01:00,24,NO3,,19.1,35,0,,0
04.01.2026 23:00:00 +01:00,24,NO4,,19.1,22,0,,0
04.01.2026 23:00:00 +01:00,24,NO5,,19.1,36,0,,0
05.01.2026 00:00:00 +01:00,1,NO1,,16.0,11,0,,0
05.01.2026 00:00:00 +01:00,1,NO2,,16.0,52,0,,0
05.01.2026 00:00:00 +01:00,1,NO3,,16.0,43,0,,0
05.01.2026 00:00:00 +01:00,1,NO4,,16.0,15,0,,0
05.01.2026 00:00:00 +01:00,1,NO5,,16.0,35,0,,0
05.01.2026 01:00:00 +01:00,2,NO1,,16.0,12,0,,0
05.01.2026 01:00:00 +01:00,2,NO2,,16.0,49,0,,0
05.01.2026 01:00:00 +01:00,2,NO3,,16.0,44,0,,0
05.01.2026 01:00:00 +01:00,2,NO4,,16.0,15,0,,0
05.01.2026 01:00:00 +01:00,2,NO5,,16.0,36,0,,0
05.01.2026 02:00:00 +01:00,3,NO1,,11.5,9,0,,0
05.01.2026 02:00:00 +01:00,3,NO2,,11.5,51,0,,0
05.01.2026 02:00:00 +01:00,3,NO3,,11.5,43,0,,0
05.01.2026 02:00:00 +01:00,3,NO4,,11.5,15,0,,0
05.01.2026 02:00:00 +01:00,3,NO5,,11.5,38,0,,0
05.01.2026 03:00:00 +01:00,4,NO1,,11.5,9,0,,0
05.01.2026 03:00:00 +01:00,4,NO2,,11.5,51,0,,0
05.01.2026 03:00:00 +01:00,4,NO3,,11.5,44,0,,0
05.01.2026 03:00:00 +01:00,4,NO4,,11.5,15,0,,0
05.01.2026 03:00:00 +01:00,4,NO5,,11.5,37,0,,0
05.01.2026 04:00:00 +01:00,5,NO1,,11.5,9,0,,0
05.01.2026 04:00:00 +01:00,5,NO2,,11.5,51,0,,0
05.01.2026 04:00:00 +01:00,5,NO3,,11.5,44,0,,0
05.01.2026 04:00:00 +01:00,5,NO4,,11.5,15,0,,0
05.01.2026 04:00:00 +01:00,5,NO5,,11.5,37,0,,0
05.01.2026 05:00:00 +01:00,6,NO1,,16.0,9,0,,0
05.01.2026 05:00:00 +01:00,6,NO2,,16.0,40,0,,0
05.01.2026 05:00:00 +01:00,6,NO3,,16.0,48,0,,0
05.01.2026 05:00:00 +01:00,6,NO4,,16.0,15,0,,0
05.01.2026 05:00:00 +01:00,6,NO5,,16.0,35,0,,0
05.01.2026 06:00:00 +01:00,7,NO1,,35.0,13,0,,0
05.01.2026 06:00:00 +01:00,7,NO2,,35.0,48,0,,0
05.01.2026 06:00:00 +01:00,7,NO3,,35.0,32,0,,0
05.01.2026 06:00:00 +01:00,7,NO4,,35.0,31,0,,0
05.01.2026 06:00:00 +01:00,7,NO5,,35.0,29,0,,0
05.01.2026 07:00:00 +01:00,8,NO1,,43.74,15,0,,0
05.01.2026 07:00:00 +01:00,8,NO2,,43.74,48,0,,0
05.01.2026 07:00:00 +01:00,8,NO3,,43.74,30,0,,0
05.01.2026 07:00:00 +01:00,8,NO4,,43.74,29,0,,0
05.01.2026 07:00:00 +01:00,8,NO5,,43.74,33,0,,0
05.01.2026 08:00:00 +01:00,9,NO1,,43.2,14,0,,0
05.01.2026 08:00:00 +01:00,9,NO2,,43.2,48,0,,0
05.01.2026 08:00:00 +01:00,9,NO3,,43.2,32,0,,0
05.01.2026 08:00:00 +01:00,9,NO4,,43.2,29,0,,0
05.01.2026 08:00:00 +01:00,9,NO5,,43.2,34,0,,0
05.01.2026 09:00:00 +01:00,10,NO1,,43.7,14,0,,0
05.01.2026 09:00:00 +01:00,10,NO2,,43.7,48,0,,0
05.01.2026 09:00:00 +01:00,10,NO3,,43.7,32,0,,0
05.01.2026 09:00:00 +01:00,10,NO4,,43.7,29,0,,0
05.01.2026 09:00:00 +01:00,10,NO5,,43.7,33,0,,0
05.01.2026 10:00:00 +01:00,11,NO1,,57.08,14,0,,0
05.01.2026 10:00:00 +01:00,11,NO2,,57.08,46,0,,0
05.01.2026 10:00:00 +01:00,11,NO3,,57.08,34,0,,0
05.01.2026 10:00:00 +01:00,11,NO4,,57.08,29,0,,0
05.01.2026 10:00:00 +01:00,11,NO5,,57.08,32,0,,0
05.01.2026 11:00:00 +01:00,12,NO1,,35.0,14,0,,0
05.01.2026 11:00:00 +01:00,12,NO2,,35.0,45,0,,0
05.01.2026 11:00:00 +01:00,12,NO3,,35.0,27,0,,0
05.01.2026 11:00:00 +01:00,12,NO4,,35.0,31,0,,0
05.01.2026 11:00:00 +01:00,12,NO5,,35.0,38,0,,0
05.01.2026 12:00:00 +01:00,13,NO1,,35.0,14,0,,0
05.01.2026 12:00:00 +01:00,13,NO2,,35.0,37,0,,0
05.01.2026 12:00:00 +01:00,13,NO3,,35.0,39,0,,0
05.01.2026 12:00:00 +01:00,13,NO4,,35.0,24,0,,0
05.01.2026 12:00:00 +01:00,13,NO5,,35.0,32,0,,0
05.01.2026 13:00:00 +01:00,14,NO1,,35.0,14,0,,0
05.01.2026 13:00:00 +01:00,14,NO2,,35.0,42,0,,0
05.01.2026 13:00:00 +01:00,14,NO3,,35.0,27,0,,0
05.01.2026 13:00:00 +01:00,14,NO4,,35.0,33,0,,0
05.01.2026 13:00:00 +01:00,14,NO5,,35.0,30,0,,0
05.01.2026 14:00:00 +01:00,15,NO1,,35.0,14,0,,0
05.01.2026 14:00:00 +01:00,15,NO2,,35.0,46,0,,0
05.01.2026 14:00:00 +01:00,15,NO3,,35.0,33,0,,0
05.01.2026 14:00:00 +01:00,15,NO4,,35.0,25,0,,0
05.01.2026 14:00:00 +01:00,15,NO5,,35.0,28,0,,0
05.01.2026 15:00:00 +01:00,16,NO1,,35.0,13,0,,0
05.01.2026 15:00:00 +01:00,16,NO2,,35.0,54,0,,0
05.01.2026 15:00:00 +01:00,16,NO3,,35.0,32,0,,0
05.01.2026 15:00:00 +01:00,16,NO4,,35.0,33,0,,0
05.01.2026 15:00:00 +01:00,16,NO5,,35.0,25,0,,0
05.01.2026 16:00:00 +01:00,17,NO1,,45.7,14,0,,0
05.01.2026 16:00:00 +01:00,17,NO2,,45.7,49,0,,0
05.01.2026 16:00:00 +01:00,17,NO3,,45.7,32,0,,0
05.01.2026 16:00:00 +01:00,17,NO4,,45.7,35,0,,0
05.01.2026 16:00:00 +01:00,17,NO5,,45.7,27,0,,0
05.01.2026 17:00:00 +01:00,18,NO1,,35.0,11,0,,0
05.01.2026 17:00:00 +01:00,18,NO2,,35.0,49,0,,0
05.01.2026 17:00:00 +01:00,18,NO3,,35.0,32,0,,0
05.01.2026 17:00:00 +01:00,18,NO4,,35.0,35,0,,0
05.01.2026 17:00:00 +01:00,18,NO5,,35.0,31,0,,0
05.01.2026 18:00:00 +01:00,19,NO1,,35.0,12,0,,0
05.01.2026 18:00:00 +01:00,19,NO2,,35.0,48,0,,0
05.01.2026 18:00:00 +01:00,19,NO3,,35.0,32,0,,0
05.01.2026 18:00:00 +01:00,19,NO4,,35.0,35,0,,0
05.01.2026 18:00:00 +01:00,19,NO5,,35.0,31,0,,0
05.01.2026 19:00:00 +01:00,20,NO1,,35.0,14,0,,0
05.01.2026 19:00:00 +01:00,20,NO2,,35.0,48,0,,0
05.01.2026 19:00:00 +01:00,20,NO3,,35.0,31,0,,0
05.01.2026 19:00:00 +01:00,20,NO4,,35.0,33,0,,0
05.01.2026 19:00:00 +01:00,20,NO5,,35.0,31,0,,0
05.01.2026 20:00:00 +01:00,21,NO1,,35.0,15,0,,0
05.01.2026 20:00:00 +01:00,21,NO2,,35.0,49,0,,0
05.01.2026 20:00:00 +01:00,21,NO3,,35.0,31,0,,0
05.01.2026 20:00:00 +01:00,21,NO4,,35.0,33,0,,0
05.01.2026 20:00:00 +01:00,21,NO5,,35.0,28,0,,0
05.01.2026 21:00:00 +01:00,22,NO1,,35.0,15,0,,0
05.01.2026 21:00:00 +01:00,22,NO2,,35.0,49,0,,0
05.01.2026 21:00:00 +01:00,22,NO3,,35.0,35,0,,0
05.01.2026 21:00:00 +01:00,22,NO4,,35.0,29,0,,0
05.01.2026 21:00:00 +01:00,22,NO5,,35.0,28,0,,0
05.01.2026 22:00:00 +01:00,23,NO1,,35.0,15,0,,0
05.01.2026 22:00:00 +01:00,23,NO2,,35.0,40,0,,0
05.01.2026 22:00:00 +01:00,23,NO3,,35.0,33,0,,0
05.01.2026 22:00:00 +01:00,23,NO4,,35.0,29,0,,0
05.01.2026 22:00:00 +01:00,23,NO5,,35.0,39,0,,0
05.01.2026 23:00:00 +01:00,24,NO1,,35.0,19,0,,0
05.01.2026 23:00:00 +01:00,24,NO2,,35.0,45,0,,0
05.01.2026 23:00:00 +01:00,24,NO3,,35.0,31,0,,0
05.01.2026 23:00:00 +01:00,24,NO4,,35.0,29,0,,0
05.01.2026 23:00:00 +01:00,24,NO5,,35.0,33,0,,0
06.01.2026 00:00:00 +01:00,1,NO1,,33.4,15,0,,0
06.01.2026 00:00:00 +01:00,1,NO2,,33.4,63,0,,0
06.01.2026 00:00:00 +01:00,1,NO3,,33.4,47,0,,0
06.01.2026 00:00:00 +01:00,1,NO4,,33.4,17,0,,0
06.01.2026 00:00:00 +01:00,1,NO5,,33.4,15,0,,0
06.01.2026 01:00:00 +01:00,2,NO1,,35.0,13,0,,0
06.01.2026 01:00:00 +01:00,2,NO2,,35.0,78,0,,0
06.01.2026 01:00:00 +01:00,2,NO3,,35.0,35,0,,0
06.01.2026 01:00:00 +01:00,2,NO4,,35.0,17,0,,0
06.01.2026 01:00:00 +01:00,2,NO5,,35.0,15,0,,0
06.01.2026 02:00:00 +01:00,3,NO1,,30.0,15,0,,0
06.01.2026 02:00:00 +01:00,3,NO2,,30.0,60,0,,0
06.01.2026 02:00:00 +01:00,3,NO3,,30.0,46,0,,0
06.01.2026 02:00:00 +01:00,3,NO4,,30.0,17,0,,0
06.01.2026 02:00:00 +01:00,3,NO5,,30.0,20,0,,0
06.01.2026 03:00:00 +01:00,4,NO1,,20.0,15,0,,0
06.01.2026 03:00:00 +01:00,4,NO2,,20.0,63,0,,0
06.01.2026 03:00:00 +01:00,4,NO3,,20.0,45,0,,0
06.01.2026 03:00:00 +01:00,4,NO4,,20.0,17,0,,0
06.01.2026 03:00:00 +01:00,4,NO5,,20.0,18,0,,0
06.01.2026 04:00:00 +01:00,5,NO1,,33.9,15,0,,0
06.01.2026 04:00:00 +01:00,5,NO2,,33.9,65,0,,0
06.01.2026 04:00:00 +01:00,5,NO3,,33.9,45,0,,0
06.01.2026 04:00:00 +01:00,5,NO4,,33.9,17,0,,0
06.01.2026 04:00:00 +01:00,5,NO5,,33.9,16,0,,0
06.01.2026 05:00:00 +01:00,6,NO1,,35.0,15,0,,0
06.01.2026 05:00:00 +01:00,6,NO2,,35.0,78,0,,0
06.01.2026 05:00:00 +01:00,6,NO3,,35.0,32,0,,0
06.01.2026 05:00:00 +01:00,6,NO4,,35.0,17,0,,0
06.01.2026 05:00:00 +01:00,6,NO5,,35.0,16,0,,0
06.01.2026 06:00:00 +01:00,7,NO1,,65.0,11,0,,0
06.01.2026 06:00:00 +01:00,7,NO2,,65.0,63,0,,0
06.01.2026 06:00:00 +01:00,7,NO3,,65.0,26,0,,0
06.01.2026 06:00:00 +01:00,7,NO4,,65.0,17,0,,0
06.01.2026 06:00:00 +01:00,7,NO5,,65.0,41,0,,0
06.01.2026 07:00:00 +01:00,8,NO1,,65.0,11,0,,0
06.01.2026 07:00:00 +01:00,8,NO2,,65.0,65,0,,0
06.01.2026 07:00:00 +01:00,8,NO3,,65.0,26,0,,0
06.01.2026 07:00:00 +01:00,8,NO4,,65.0,17,0,,0
06.01.2026 07:00:00 +01:00,8,NO5,,65.0,40,0,,0
06.01.2026 08:00:00 +01:00,9,NO1,,65.0,11,0,,0
06.01.2026 08:00:00 +01:00,9,NO2,,65.0,65,0,,0
06.01.2026 08:00:00 +01:00,9,NO3,,65.0,27,0,,0
06.01.2026 08:00:00 +01:00,9,NO4,,65.0,17,0,,0
06.01.2026 08:00:00 +01:00,9,NO5,,65.0,36,0,,0
06.01.2026 09:00:00 +01:00,10,NO1,,65.0,11,0,,0
06.01.2026 09:00:00 +01:00,10,NO2,,65.0,77,0,,0
06.01.2026 09:00:00 +01:00,10,NO3,,65.0,26,0,,0
06.01.2026 09:00:00 +01:00,10,NO4,,65.0,15,0,,0
06.01.2026 09:00:00 +01:00,10,NO5,,65.0,29,0,,0
06.01.2026 10:00:00 +01:00,11,NO1,,65.0,11,0,,0
06.01.2026 10:00:00 +01:00,11,NO2,,65.0,78,0,,0
06.01.2026 10:00:00 +01:00,11,NO3,,65.0,27,0,,0
06.01.2026 10:00:00 +01:00,11,NO4,,65.0,16,0,,0
06.01.2026 10:00:00 +01:00,11,NO5,,65.0,26,0,,0
06.01.2026 11:00:00 +01:00,12,NO1,,60.0,13,0,,0
06.01.2026 11:00:00 +01:00,12,NO2,,60.0,73,0,,0
06.01.2026 11:00:00 +01:00,12,NO3,,60.0,26,0,,0
06.01.2026 11:00:00 +01:00,12,NO4,,60.0,17,0,,0
06.01.2026 11:00:00 +01:00,12,NO5,,60.0,29,0,,0
06.01.2026 12:00:00 +01:00,13,NO1,,55.0,14,0,,0
06.01.2026 12:00:00 +01:00,13,NO2,,55.0,64,0,,0
06.01.2026 12:00:00 +01:00,13,NO3,,55.0,27,0,,0
06.01.2026 12:00:00 +01:00,13,NO4,,55.0,17,0,,0
06.01.2026 12:00:00 +01:00,13,NO5,,55.0,26,0,,0
06.01.2026 13:00:00 +01:00,14,NO1,,61.0,13,0,,0
06.01.2026 13:00:00 +01:00,14,NO2,,61.0,64,0,,0
06.01.2026 13:00:00 +01:00,14,NO3,,61.0,26,0,,0
06.01.2026 13:00:00 +01:00,14,NO4,,61.0,17,0,,0
06.01.2026 13:00:00 +01:00,14,NO5,,61.0,33,0,,0
06.01.2026 14:00:00 +01:00,15,NO1,,52.87,13,0,,0
06.01.2026 14:00:00 +01:00,15,NO2,,52.87,68,0,,0
06.01.2026 14:00:00 +01:00,15,NO3,,52.87,28,0,,0
06.01.2026 14:00:00 +01:00,15,NO4,,52.87,17,0,,0
06.01.2026 14:00:00 +01:00,15,NO5,,52.87,22,0,,0
06.01.2026 15:00:00 +01:00,16,NO1,,60.0,13,0,,0
06.01.2026 15:00:00 +01:00,16,NO2,,60.0,70,0,,0
06.01.2026 15:00:00 +01:00,16,NO3,,60.0,26,0,,0
06.01.2026 15:00:00 +01:00,16,NO4,,60.0,17,0,,0
06.01.2026 15:00:00 +01:00,16,NO5,,60.0,31,0,,0
06.01.2026 16:00:00 +01:00,17,NO1,,60.0,12,0,,0
06.01.2026 16:00:00 +01:00,17,NO2,,60.0,68,0,,0
06.01.2026 16:00:00 +01:00,17,NO3,,60.0,26,0,,0
06.01.2026 16:00:00 +01:00,17,NO4,,60.0,17,0,,0
06.01.2026 16:00:00 +01:00,17,NO5,,60.0,35,0,,0
06.01.2026 17:00:00 +01:00,18,NO1,,65.0,10,0,,0
06.01.2026 17:00:00 +01:00,18,NO2,,65.0,55,0,,0
06.01.2026 17:00:00 +01:00,18,NO3,,65.0,26,0,,0
06.01.2026 17:00:00 +01:00,18,NO4,,65.0,17,0,,0
06.01.2026 17:00:00 +01:00,18,NO5,,65.0,50,0,,0
06.01.2026 18:00:00 +01:00,19,NO1,,65.0,10,0,,0
06.01.2026 18:00:00 +01:00,19,NO2,,65.0,56,0,,0
06.01.2026 18:00:00 +01:00,19,NO3,,65.0,30,0,,0
06.01.2026 18:00:00 +01:00,19,NO4,,65.0,17,0,,0
06.01.2026 18:00:00 +01:00,19,NO5,,65.0,46,0,,0
06.01.2026 19:00:00 +01:00,20,NO1,,55.0,12,0,,0
06.01.2026 19:00:00 +01:00,20,NO2,,55.0,54,0,,0
06.01.2026 19:00:00 +01:00,20,NO3,,55.0,41,0,,0
06.01.2026 19:00:00 +01:00,20,NO4,,55.0,17,0,,0
06.01.2026 19:00:00 +01:00,20,NO5,,55.0,31,0,,0
06.01.2026 20:00:00 +01:00,21,NO1,,44.5,12,0,,0
06.01.2026 20:00:00 +01:00,21,NO2,,44.5,63,0,,0
06.01.2026 20:00:00 +01:00,21,NO3,,44.5,45,0,,0
06.01.2026 20:00:00 +01:00,21,NO4,,44.5,17,0,,0
06.01.2026 20:00:00 +01:00,21,NO5,,44.5,21,0,,0
06.01.2026 21:00:00 +01:00,22,NO1,,30.0,11,0,,0
06.01.2026 21:00:00 +01:00,22,NO2,,30.0,54,0,,0
06.01.2026 21:00:00 +01:00,22,NO3,,30.0,56,0,,0
06.01.2026 21:00:00 +01:00,22,NO4,,30.0,18,0,,0
06.01.2026 21:00:00 +01:00,22,NO5,,30.0,18,0,,0
06.01.2026 22:00:00 +01:00,23,NO1,,11.87,8,0,,0
06.01.2026 22:00:00 +01:00,23,NO2,,11.87,54,0,,0
06.01.2026 22:00:00 +01:00,23,NO3,,11.87,56,0,,0
06.01.2026 22:00:00 +01:00,23,NO4,,11.87,16,0,,0
06.01.2026 22:00:00 +01:00,23,NO5,,11.87,21,0,,0
06.01.2026 23:00:00 +01:00,24,NO1,,9.0,8,0,,0
06.01.2026 23:00:00 +01:00,24,NO2,,9.0,48,0,,0
06.01.2026 23:00:00 +01:00,24,NO3,,9.0,51,0,,0
06.01.2026 23:00:00 +01:00,24,NO4,,9.0,15,0,,0
06.01.2026 23:00:00 +01:00,24,NO5,,9.0,19,0,,0
07.01.2026 00:00:00 +01:00,1,NO1,,9.3,11,0,,0
07.01.2026 00:00:00 +01:00,1,NO2,,9.3,55,0,,0
07.01.2026 00:00:00 +01:00,1,NO3,,9.3,56,0,,0
07.01.2026 00:00:00 +01:00,1,NO4,,9.3,17,0,,0
07.01.2026 00:00:00 +01:00,1,NO5,,9.3,16,0,,0
07.01.2026 01:00:00 +01:00,2,NO1,,8.77,11,0,,0
07.01.2026 01:00:00 +01:00,2,NO2,,8.77,55,0,,0
07.01.2026 01:00:00 +01:00,2,NO3,,8.77,35,0,,0
07.01.2026 01:00:00 +01:00,2,NO4,,8.77,16,0,,0
07.01.2026 01:00:00 +01:00,2,NO5,,8.77,41,0,,0
07.01.2026 02:00:00 +01:00,3,NO1,,7.64,10,0,,0
07.01.2026 02:00:00 +01:00,3,NO2,,7.64,56,0,,0
07.01.2026 02:00:00 +01:00,3,NO3,,7.64,31,0,,0
07.01.2026 02:00:00 +01:00,3,NO4,,7.64,21,0,,0
07.01.2026 02:00:00 +01:00,3,NO5,,7.64,40,0,,0
07.01.2026 03:00:00 +01:00,4,NO1,,8.0,13,0,,0
07.01.2026 03:00:00 +01:00,4,NO2,,8.0,53,0,,0
07.01.2026 03:00:00 +01:00,4,NO3,,8.0,34,0,,0
07.01.2026 03:00:00 +01:00,4,NO4,,8.0,17,0,,0
07.01.2026 03:00:00 +01:00,4,NO5,,8.0,40,0,,0
07.01.2026 04:00:00 +01:00,5,NO1,,8.0,14,0,,0
07.01.2026 04:00:00 +01:00,5,NO2,,8.0,56,0,,0
07.01.2026 04:00:00 +01:00,5,NO3,,8.0,34,0,,0
07.01.2026 04:00:00 +01:00,5,NO4,,8.0,17,0,,0
07.01.2026 04:00:00 +01:00,5,NO5,,8.0,36,0,,0
07.01.2026 05:00:00 +01:00,6,NO1,,7.64,8,0,,0
07.01.2026 05:00:00 +01:00,6,NO2,,7.64,56,0,,0
07.01.2026 05:00:00 +01:00,6,NO3,,7.64,32,0,,0
07.01.2026 05:00:00 +01:00,6,NO4,,7.64,22,0,,0
07.01.2026 05:00:00 +01:00,6,NO5,,7.64,40,0,,0
07.01.2026 06:00:00 +01:00,7,NO1,,13.1,13,0,,0
07.01.2026 06:00:00 +01:00,7,NO2,,13.1,40,0,,0
07.01.2026 06:00:00 +01:00,7,NO3,,13.1,59,0,,0
07.01.2026 06:00:00 +01:00,7,NO4,,13.1,16,0,,0
07.01.2026 06:00:00 +01:00,7,NO5,,13.1,22,0,,0
07.01.2026 07:00:00 +01:00,8,NO1,,15.0,19,0,,0
07.01.2026 07:00:00 +01:00,8,NO2,,15.0,47,0,,0
07.01.2026 07:00:00 +01:00,8,NO3,,15.0,59,0,,0
07.01.2026 07:00:00 +01:00,8,NO4,,15.0,20,0,,0
07.01.2026 07:00:00 +01:00,8,NO5,,15.0,12,0,,0
07.01.2026 08:00:00 +01:00,9,NO1,,21.6,19,0,,0
07.01.2026 08:00:00 +01:00,9,NO2,,21.6,48,0,,0
07.01.2026 08:00:00 +01:00,9,NO3,,21.6,61,0,,0
07.01.2026 08:00:00 +01:00,9,NO4,,21.6,18,0,,0
07.01.2026 08:00:00 +01:00,9,NO5,,21.6,9,0,,0
07.01.2026 09:00:00 +01:00,10,NO1,,24.1,19,0,,0
07.01.2026 09:00:00 +01:00,10,NO2,,24.1,49,0,,0
07.01.2026 09:00:00 +01:00,10,NO3,,24.1,60,0,,0
07.01.2026 09:00:00 +01:00,10,NO4,,24.1,16,0,,0
07.01.2026 09:00:00 +01:00,10,NO5,,24.1,13,0,,0
07.01.2026 10:00:00 +01:00,11,NO1,,21.6,17,0,,0
07.01.2026 10:00:00 +01:00,11,NO2,,21.6,51,0,,0
07.01.2026 10:00:00 +01:00,11,NO3,,21.6,61,0,,0
07.01.2026 10:00:00 +01:00,11,NO4,,21.6,16,0,,0
07.01.2026 10:00:00 +01:00,11,NO5,,21.6,10,0,,0
07.01.2026 11:00:00 +01:00,12,NO1,,17.9,20,0,,0
07.01.2026 11:00:00 +01:00,12,NO2,,17.9,47,0,,0
07.01.2026 11:00:00 +01:00,12,NO3,,17.9,59,0,,0
07.01.2026 11:00:00 +01:00,12,NO4,,17.9,17,0,,0
07.01.2026 11:00:00 +01:00,12,NO5,,17.9,8,0,,0
07.01.2026 12:00:00 +01:00,13,NO1,,14.3,15,0,,0
07.01.2026 12:00:00 +01:00,13,NO2,,14.3,54,0,,0
07.01.2026 12:00:00 +01:00,13,NO3,,14.3,57,0,,0
07.01.2026 12:00:00 +01:00,13,NO4,,14.3,17,0,,0
07.01.2026 12:00:00 +01:00,13,NO5,,14.3,16,0,,0
07.01.2026 13:00:00 +01:00,14,NO1,,14.02,13,0,,0
07.01.2026 13:00:00 +01:00,14,NO2,,14.02,58,0,,0
07.01.2026 13:00:00 +01:00,14,NO3,,14.02,57,0,,0
07.01.2026 13:00:00 +01:00,14,NO4,,14.02,17,0,,0
07.01.2026 13:00:00 +01:00,14,NO5,,14.02,15,0,,0
07.01.2026 14:00:00 +01:00,15,NO1,,14.7,12,0,,0
07.01.2026 14:00:00 +01:00,15,NO2,,14.7,57,0,,0
07.01.2026 14:00:00 +01:00,15,NO3,,14.7,58,0,,0
07.01.2026 14:00:00 +01:00,15,NO4,,14.7,18,0,,0
07.01.2026 14:00:00 +01:00,15,NO5,,14.7,12,0,,0
07.01.2026 15:00:00 +01:00,16,NO1,,20.0,23,0,,0
07.01.2026 15:00:00 +01:00,16,NO2,,20.0,43,0,,0
07.01.2026 15:00:00 +01:00,16,NO3,,20.0,60,0,,0
07.01.2026 15:00:00 +01:00,16,NO4,,20.0,17,0,,0
07.01.2026 15:00:00 +01:00,16,NO5,,20.0,13,0,,0
07.01.2026 16:00:00 +01:00,17,NO1,,21.51,18,0,,0
07.01.2026 16:00:00 +01:00,17,NO2,,21.51,46,0,,0
07.01.2026 16:00:00 +01:00,17,NO3,,21.51,61,0,,0
07.01.2026 16:00:00 +01:00,17,NO4,,21.51,17,0,,0
07.01.2026 16:00:00 +01:00,17,NO5,,21.51,15,0,,0
07.01.2026 17:00:00 +01:00,18,NO1,,21.8,17,0,,0
07.01.2026 17:00:00 +01:00,18,NO2,,21.8,46,0,,0
07.01.2026 17:00:00 +01:00,18,NO3,,21.8,62,0,,0
07.01.2026 17:00:00 +01:00,18,NO4,,21.8,22,0,,0
07.01.2026 17:00:00 +01:00,18,NO5,,21.8,9,0,,0
07.01.2026 18:00:00 +01:00,19,NO1,,21.8,17,0,,0
07.01.2026 18:00:00 +01:00,19,NO2,,21.8,46,0,,0
07.01.2026 18:00:00 +01:00,19,NO3,,21.8,62,0,,0
07.01.2026 18:00:00 +01:00,19,NO4,,21.8,22,0,,0
07.01.2026 18:00:00 +01:00,19,NO5,,21.8,9,0,,0
07.01.2026 19:00:00 +01:00,20,NO1,,24.7,17,0,,0
07.01.2026 19:00:00 +01:00,20,NO2,,24.7,49,0,,0
07.01.2026 19:00:00 +01:00,20,NO3,,24.7,61,0,,0
07.01.2026 19:00:00 +01:00,20,NO4,,24.7,22,0,,0
07.01.2026 19:00:00 +01:00,20,NO5,,24.7,9,0,,0
07.01.2026 20:00:00 +01:00,21,NO1,,20.1,20,0,,0
07.01.2026 20:00:00 +01:00,21,NO2,,20.1,50,0,,0
07.01.2026 20:00:00 +01:00,21,NO3,,20.1,60,0,,0
07.01.2026 20:00:00 +01:00,21,NO4,,20.1,18,0,,0
07.01.2026 20:00:00 +01:00,21,NO5,,20.1,10,0,,0
07.01.2026 21:00:00 +01:00,22,NO1,,14.3,10,0,,0
07.01.2026 21:00:00 +01:00,22,NO2,,14.3,52,0,,0
07.01.2026 21:00:00 +01:00,22,NO3,,14.3,61,0,,0
07.01.2026 21:00:00 +01:00,22,NO4,,14.3,17,0,,0
07.01.2026 21:00:00 +01:00,22,NO5,,14.3,15,0,,0
07.01.2026 22:00:00 +01:00,23,NO1,,12.5,10,0,,0
07.01.2026 22:00:00 +01:00,23,NO2,,12.5,56,0,,0
07.01.2026 22:00:00 +01:00,23,NO3,,12.5,60,0,,0
07.01.2026 22:00:00 +01:00,23,NO4,,12.5,15,0,,0
07.01.2026 22:00:00 +01:00,23,NO5,,12.5,10,0,,0
07.01.2026 23:00:00 +01:00,24,NO1,,9.0,9,0,,0
07.01.2026 23:00:00 +01:00,24,NO2,,9.0,61,0,,0
07.01.2026 23:00:00 +01:00,24,NO3,,9.0,52,0,,0
07.01.2026 23:00:00 +01:00,24,NO4,,9.0,16,0,,0
07.01.2026 23:00:00 +01:00,24,NO5,,9.0,20,0,,0
08.01.2026 00:00:00 +01:00,1,NO1,,15.0,29,0,,0
08.01.2026 00:00:00 +01:00,1,NO2,,15.0,33,0,,0
08.01.2026 00:00:00 +01:00,1,NO3,,15.0,58,0,,0
08.01.2026 00:00:00 +01:00,1,NO4,,15.0,16,0,,0
08.01.2026 00:00:00 +01:00,1,NO5,,15.0,20,0,,0
08.01.2026 01:00:00 +01:00,2,NO1,,15.0,28,0,,0
08.01.2026 01:00:00 +01:00,2,NO2,,15.0,35,0,,0
08.01.2026 01:00:00 +01:00,2,NO3,,15.0,59,0,,0
08.01.2026 01:00:00 +01:00,2,NO4,,15.0,16,0,,0
08.01.2026 01:00:00 +01:00,2,NO5,,15.0,20,0,,0
08.01.2026 02:00:00 +01:00,3,NO1,,15.0,29,0,,0
08.01.2026 02:00:00 +01:00,3,NO2,,15.0,35,0,,0
08.01.2026 02:00:00 +01:00,3,NO3,,15.0,57,0,,0
08.01.2026 02:00:00 +01:00,3,NO4,,15.0,16,0,,0
08.01.2026 02:00:00 +01:00,3,NO5,,15.0,20,0,,0
08.01.2026 03:00:00 +01:00,4,NO1,,15.0,26,0,,0
08.01.2026 03:00:00 +01:00,4,NO2,,15.0,34,0,,0
08.01.2026 03:00:00 +01:00,4,NO3,,15.0,60,0,,0
08.01.2026 03:00:00 +01:00,4,NO4,,15.0,16,0,,0
08.01.2026 03:00:00 +01:00,4,NO5,,15.0,20,0,,0
08.01.2026 04:00:00 +01:00,5,NO1,,15.0,25,0,,0
08.01.2026 04:00:00 +01:00,5,NO2,,15.0,36,0,,0
08.01.2026 04:00:00 +01:00,5,NO3,,15.0,59,0,,0
08.01.2026 04:00:00 +01:00,5,NO4,,15.0,16,0,,0
08.01.2026 04:00:00 +01:00,5,NO5,,15.0,20,0,,0
08.01.2026 05:00:00 +01:00,6,NO1,,15.4,11,0,,0
08.01.2026 05:00:00 +01:00,6,NO2,,15.4,43,0,,0
08.01.2026 05:00:00 +01:00,6,NO3,,15.4,62,0,,0
08.01.2026 05:00:00 +01:00,6,NO4,,15.4,21,0,,0
08.01.2026 05:00:00 +01:00,6,NO5,,15.4,22,0,,0
08.01.2026 06:00:00 +01:00,7,NO1,,30.5,13,0,,0
08.01.2026 06:00:00 +01:00,7,NO2,,30.5,36,0,,0
08.01.2026 06:00:00 +01:00,7,NO3,,30.5,64,0,,0
08.01.2026 06:00:00 +01:00,7,NO4,,30.5,31,0,,0
08.01.2026 06:00:00 +01:00,7,NO5,,30.5,13,0,,0
08.01.2026 07:00:00 +01:00,8,NO1,,44.0,15,0,,0
08.01.2026 07:00:00 +01:00,8,NO2,,44.0,26,0,,0
08.01.2026 07:00:00 +01:00,8,NO3,,44.0,62,0,,0
08.01.2026 07:00:00 +01:00,8,NO4,,44.0,43,0,,0
08.01.2026 07:00:00 +01:00,8,NO5,,44.0,10,0,,0
08.01.2026 08:00:00 +01:00,9,NO1,,55.5,15,0,,0
08.01.2026 08:00:00 +01:00,9,NO2,,55.5,26,0,,0
08.01.2026 08:00:00 +01:00,9,NO3,,55.5,62,0,,0
08.01.2026 08:00:00 +01:00,9,NO4,,55.5,45,0,,0
08.01.2026 08:00:00 +01:00,9,NO5,,55.5,10,0,,0
08.01.2026 09:00:00 +01:00,10,NO1,,73.9,14,0,,0
08.01.2026 09:00:00 +01:00,10,NO2,,73.9,29,0,,0
08.01.2026 09:00:00 +01:00,10,NO3,,73.9,45,0,,0
08.01.2026 09:00:00 +01:00,10,NO4,,73.9,58,0,,0
08.01.2026 09:00:00 +01:00,10,NO5,,73.9,13,0,,0
08.01.2026 10:00:00 +01:00,11,NO1,,73.9,14,0,,0
08.01.2026 10:00:00 +01:00,11,NO2,,73.9,29,0,,0
08.01.2026 10:00:00 +01:00,11,NO3,,73.9,39,0,,0
08.01.2026 10:00:00 +01:00,11,NO4,,73.9,63,0,,0
08.01.2026 10:00:00 +01:00,11,NO5,,73.9,12,0,,0
08.01.2026 11:00:00 +01:00,12,NO1,,75.9,14,0,,0
08.01.2026 11:00:00 +01:00,12,NO2,,75.9,29,0,,0
08.01.2026 11:00:00 +01:00,12,NO3,,75.9,41,0,,0
08.01.2026 11:00:00 +01:00,12,NO4,,75.9,61,0,,0
08.01.2026 11:00:00 +01:00,12,NO5,,75.9,12,0,,0
08.01.2026 12:00:00 +01:00,13,NO1,,82.5,13,0,,0
08.01.2026 12:00:00 +01:00,13,NO2,,82.5,29,0,,0
08.01.2026 12:00:00 +01:00,13,NO3,,82.5,38,0,,0
08.01.2026 12:00:00 +01:00,13,NO4,,82.5,61,0,,0
08.01.2026 12:00:00 +01:00,13,NO5,,82.5,16,0,,0
08.01.2026 13:00:00 +01:00,14,NO1,,86.0,13,0,,0
08.01.2026 13:00:00 +01:00,14,NO2,,86.0,29,0,,0
08.01.2026 13:00:00 +01:00,14,NO3,,86.0,35,0,,0
08.01.2026 13:00:00 +01:00,14,NO4,,86.0,66,0,,0
08.01.2026 13:00:00 +01:00,14,NO5,,86.0,14,0,,0
08.01.2026 14:00:00 +01:00,15,NO1,,88.9,12,0,,0
08.01.2026 14:00:00 +01:00,15,NO2,,88.9,29,0,,0
08.01.2026 14:00:00 +01:00,15,NO3,,88.9,36,0,,0
08.01.2026 14:00:00 +01:00,15,NO4,,88.9,69,0,,0
08.01.2026 14:00:00 +01:00,15,NO5,,88.9,12,0,,0
08.01.2026 15:00:00 +01:00,16,NO1,,85.2,13,0,,0
08.01.2026 15:00:00 +01:00,16,NO2,,85.2,29,0,,0
08.01.2026 15:00:00 +01:00,16,NO3,,85.2,36,0,,0
08.01.2026 15:00:00 +01:00,16,NO4,,85.2,63,0,,0
08.01.2026 15:00:00 +01:00,16,NO5,,85.2,16,0,,0
08.01.2026 16:00:00 +01:00,17,NO1,,86.0,13,0,,0
08.01.2026 16:00:00 +01:00,17,NO2,,86.0,29,0,,0
08.01.2026 16:00:00 +01:00,17,NO3,,86.0,33,0,,0
08.01.2026 16:00:00 +01:00,17,NO4,,86.0,66,0,,0
08.01.2026 16:00:00 +01:00,17,NO5,,86.0,16,0,,0
08.01.2026 17:00:00 +01:00,18,NO1,,81.2,13,0,,0
08.01.2026 17:00:00 +01:00,18,NO2,,81.2,30,0,,0
08.01.2026 17:00:00 +01:00,18,NO3,,81.2,38,0,,0
08.01.2026 17:00:00 +01:00,18,NO4,,81.2,61,0,,0
08.01.2026 17:00:00 +01:00,18,NO5,,81.2,16,0,,0
08.01.2026 18:00:00 +01:00,19,NO1,,77.6,13,0,,0
08.01.2026 18:00:00 +01:00,19,NO2,,77.6,35,0,,0
08.01.2026 18:00:00 +01:00,19,NO3,,77.6,39,0,,0
08.01.2026 18:00:00 +01:00,19,NO4,,77.6,61,0,,0
08.01.2026 18:00:00 +01:00,19,NO5,,77.6,10,0,,0
08.01.2026 19:00:00 +01:00,20,NO1,,60.3,13,0,,0
08.01.2026 19:00:00 +01:00,20,NO2,,60.3,37,0,,0
08.01.2026 19:00:00 +01:00,20,NO3,,60.3,48,0,,0
08.01.2026 19:00:00 +01:00,20,NO4,,60.3,46,0,,0
08.01.2026 19:00:00 +01:00,20,NO5,,60.3,14,0,,0
08.01.2026 20:00:00 +01:00,21,NO1,,42.1,14,0,,0
08.01.2026 20:00:00 +01:00,21,NO2,,42.1,38,0,,0
08.01.2026 20:00:00 +01:00,21,NO3,,42.1,64,0,,0
08.01.2026 20:00:00 +01:00,21,NO4,,42.1,25,0,,0
08.01.2026 20:00:00 +01:00,21,NO5,,42.1,17,0,,0
08.01.2026 21:00:00 +01:00,22,NO1,,27.4,14,0,,0
08.01.2026 21:00:00 +01:00,22,NO2,,27.4,43,0,,0
08.01.2026 21:00:00 +01:00,22,NO3,,27.4,60,0,,0
08.01.2026 21:00:00 +01:00,22,NO4,,27.4,24,0,,0
08.01.2026 21:00:00 +01:00,22,NO5,,27.4,18,0,,0
08.01.2026 22:00:00 +01:00,23,NO1,,27.1,11,0,,0
08.01.2026 22:00:00 +01:00,23,NO2,,27.1,41,0,,0
08.01.2026 22:00:00 +01:00,23,NO3,,27.1,62,0,,0
08.01.2026 22:00:00 +01:00,23,NO4,,27.1,24,0,,0
08.01.2026 22:00:00 +01:00,23,NO5,,27.1,20,0,,0
08.01.2026 23:00:00 +01:00,24,NO1,,21.4,16,0,,0
08.01.2026 23:00:00 +01:00,24,NO2,,21.4,38,0,,0
08.01.2026 23:00:00 +01:00,24,NO3,,21.4,61,0,,0
08.01.2026 23:00:00 +01:00,24,NO4,,21.4,18,0,,0
08.01.2026 23:00:00 +01:00,24,NO5,,21.4,19,0,,0
09.01.2026 00:00:00 +01:00,1,NO1,,9.0,14,0,,0
09.01.2026 00:00:00 +01:00,1,NO2,,9.0,51,0,,0
09.01.2026 00:00:00 +01:00,1,NO3,,9.0,32,0,,0
09.01.2026 00:00:00 +01:00,1,NO4,,9.0,20,0,,0
09.01.2026 00:00:00 +01:00,1,NO5,,9.0,24,0,,0
09.01.2026 01:00:00 +01:00,2,NO1,,9.0,12,0,,0
09.01.2026 01:00:00 +01:00,2,NO2,,9.0,43,0,,0
09.01.2026 01:00:00 +01:00,2,NO3,,9.0,48,0,,0
09.01.2026 01:00:00 +01:00,2,NO4,,9.0,20,0,,0
09.01.2026 01:00:00 +01:00,2,NO5,,9.0,24,0,,0
09.01.2026 02:00:00 +01:00,3,NO1,,10.2,12,0,,0
09.01.2026 02:00:00 +01:00,3,NO2,,10.2,39,0,,0
09.01.2026 02:00:00 +01:00,3,NO3,,10.2,49,0,,0
09.01.2026 02:00:00 +01:00,3,NO4,,10.2,24,0,,0
09.01.2026 02:00:00 +01:00,3,NO5,,10.2,22,0,,0
09.01.2026 03:00:00 +01:00,4,NO1,,9.0,18,0,,0
09.01.2026 03:00:00 +01:00,4,NO2,,9.0,46,0,,0
09.01.2026 03:00:00 +01:00,4,NO3,,9.0,48,0,,0
09.01.2026 03:00:00 +01:00,4,NO4,,9.0,24,0,,0
09.01.2026 03:00:00 +01:00,4,NO5,,9.0,17,0,,0
09.01.2026 04:00:00 +01:00,5,NO1,,9.0,18,0,,0
09.01.2026 04:00:00 +01:00,5,NO2,,9.0,47,0,,0
09.01.2026 04:00:00 +01:00,5,NO3,,9.0,48,0,,0
09.01.2026 04:00:00 +01:00,5,NO4,,9.0,19,0,,0
09.01.2026 04:00:00 +01:00,5,NO5,,9.0,21,0,,0
09.01.2026 05:00:00 +01:00,6,NO1,,10.2,16,0,,0
09.01.2026 05:00:00 +01:00,6,NO2,,10.2,39,0,,0
09.01.2026 05:00:00 +01:00,6,NO3,,10.2,48,0,,0
09.01.2026 05:00:00 +01:00,6,NO4,,10.2,24,0,,0
09.01.2026 05:00:00 +01:00,6,NO5,,10.2,25,0,,0
09.01.2026 06:00:00 +01:00,7,NO1,,9.0,16,0,,0
09.01.2026 06:00:00 +01:00,7,NO2,,9.0,29,0,,0
09.01.2026 06:00:00 +01:00,7,NO3,,9.0,47,0,,0
09.01.2026 06:00:00 +01:00,7,NO4,,9.0,20,0,,0
09.01.2026 06:00:00 +01:00,7,NO5,,9.0,41,0,,0
09.01.2026 07:00:00 +01:00,8,NO1,,12.8,16,0,,0
09.01.2026 07:00:00 +01:00,8,NO2,,12.8,57,0,,0
09.01.2026 07:00:00 +01:00,8,NO3,,12.8,30,0,,0
09.01.2026 07:00:00 +01:00,8,NO4,,12.8,15,0,,0
09.01.2026 07:00:00 +01:00,8,NO5,,12.8,37,0,,0
09.01.2026 08:00:00 +01:00,9,NO1,,13.3,18,0,,0
09.01.2026 08:00:00 +01:00,9,NO2,,13.3,68,0,,0
09.01.2026 08:00:00 +01:00,9,NO3,,13.3,25,0,,0
09.01.2026 08:00:00 +01:00,9,NO4,,13.3,17,0,,0
09.01.2026 08:00:00 +01:00,9,NO5,,13.3,28,0,,0
09.01.2026 09:00:00 +01:00,10,NO1,,11.8,18,0,,0
09.01.2026 09:00:00 +01:00,10,NO2,,11.8,53,0,,0
09.01.2026 09:00:00 +01:00,10,NO3,,11.8,38,0,,0
09.01.2026 09:00:00 +01:00,10,NO4,,11.8,21,0,,0
09.01.2026 09:00:00 +01:00,10,NO5,,11.8,25,0,,0
09.01.2026 10:00:00 +01:00,11,NO1,,12.8,17,0,,0
09.01.2026 10:00:00 +01:00,11,NO2,,12.8,59,0,,0
09.01.2026 10:00:00 +01:00,11,NO3,,12.8,29,0,,0
09.01.2026 10:00:00 +01:00,11,NO4,,12.8,22,0,,0
09.01.2026 10:00:00 +01:00,11,NO5,,12.8,28,0,,0
09.01.2026 11:00:00 +01:00,12,NO1,,11.91,18,0,,0
09.01.2026 11:00:00 +01:00,12,NO2,,11.91,52,0,,0
09.01.2026 11:00:00 +01:00,12,NO3,,11.91,40,0,,0
09.01.2026 11:00:00 +01:00,12,NO4,,11.91,16,0,,0
09.01.2026 11:00:00 +01:00,12,NO5,,11.91,30,0,,0
09.01.2026 12:00:00 +01:00,13,NO1,,11.3,18,0,,0
09.01.2026 12:00:00 +01:00,13,NO2,,11.3,50,0,,0
09.01.2026 12:00:00 +01:00,13,NO3,,11.3,39,0,,0
09.01.2026 12:00:00 +01:00,13,NO4,,11.3,16,0,,0
09.01.2026 12:00:00 +01:00,13,NO5,,11.3,31,0,,0
09.01.2026 13:00:00 +01:00,14,NO1,,11.2,18,0,,0
09.01.2026 13:00:00 +01:00,14,NO2,,11.2,45,0,,0
09.01.2026 13:00:00 +01:00,14,NO3,,11.2,41,0,,0
09.01.2026 13:00:00 +01:00,14,NO4,,11.2,16,0,,0
09.01.2026 13:00:00 +01:00,14,NO5,,11.2,34,0,,0
09.01.2026 14:00:00 +01:00,15,NO1,,10.0,17,0,,0
09.01.2026 14:00:00 +01:00,15,NO2,,10.0,43,0,,0
09.01.2026 14:00:00 +01:00,15,NO3,,10.0,50,0,,0
09.01.2026 14:00:00 +01:00,15,NO4,,10.0,16,0,,0
09.01.2026 14:00:00 +01:00,15,NO5,,10.0,28,0,,0
09.01.2026 15:00:00 +01:00,16,NO1,,11.3,17,0,,0
09.01.2026 15:00:00 +01:00,16,NO2,,11.3,47,0,,0
09.01.2026 15:00:00 +01:00,16,NO3,,11.3,41,0,,0
09.01.2026 15:00:00 +01:00,16,NO4,,11.3,16,0,,0
09.01.2026 15:00:00 +01:00,16,NO5,,11.3,25,0,,0
09.01.2026 16:00:00 +01:00,17,NO1,,11.3,17,0,,0
09.01.2026 16:00:00 +01:00,17,NO2,,11.3,55,0,,0
09.01.2026 16:00:00 +01:00,17,NO3,,11.3,39,0,,0
09.01.2026 16:00:00 +01:00,17,NO4,,11.3,16,0,,0
09.01.2026 16:00:00 +01:00,17,NO5,,11.3,29,0,,0
09.01.2026 17:00:00 +01:00,18,NO1,,11.8,17,0,,0
09.01.2026 17:00:00 +01:00,18,NO2,,11.8,54,0,,0
09.01.2026 17:00:00 +01:00,18,NO3,,11.8,40,0,,0
09.01.2026 17:00:00 +01:00,18,NO4,,11.8,21,0,,0
09.01.2026 17:00:00 +01:00,18,NO5,,11.8,24,0,,0
09.01.2026 18:00:00 +01:00,19,NO1,,11.3,17,0,,0
09.01.2026 18:00:00 +01:00,19,NO2,,11.3,56,0,,0
09.01.2026 18:00:00 +01:00,19,NO3,,11.3,41,0,,0
09.01.2026 18:00:00 +01:00,19,NO4,,11.3,17,0,,0
09.01.2026 18:00:00 +01:00,19,NO5,,11.3,25,0,,0
09.01.2026 19:00:00 +01:00,20,NO1,,10.0,16,0,,0
09.01.2026 19:00:00 +01:00,20,NO2,,10.0,49,0,,0
09.01.2026 19:00:00 +01:00,20,NO3,,10.0,43,0,,0
09.01.2026 19:00:00 +01:00,20,NO4,,10.0,17,0,,0
09.01.2026 19:00:00 +01:00,20,NO5,,10.0,29,0,,0
09.01.2026 20:00:00 +01:00,21,NO1,,9.0,16,0,,0
09.01.2026 20:00:00 +01:00,21,NO2,,9.0,43,0,,0
09.01.2026 20:00:00 +01:00,21,NO3,,9.0,39,0,,0
09.01.2026 20:00:00 +01:00,21,NO4,,9.0,17,0,,0
09.01.2026 20:00:00 +01:00,21,NO5,,9.0,38,0,,0
09.01.2026 21:00:00 +01:00,22,NO1,,9.3,16,0,,0
09.01.2026 21:00:00 +01:00,22,NO2,,9.3,48,0,,0
09.01.2026 21:00:00 +01:00,22,NO3,,9.3,37,0,,0
09.01.2026 21:00:00 +01:00,22,NO4,,9.3,17,0,,0
09.01.2026 21:00:00 +01:00,22,NO5,,9.3,35,0,,0
09.01.2026 22:00:00 +01:00,23,NO1,,9.0,16,0,,0
09.01.2026 22:00:00 +01:00,23,NO2,,9.0,42,0,,0
09.01.2026 22:00:00 +01:00,23,NO3,,9.0,44,0,,0
09.01.2026 22:00:00 +01:00,23,NO4,,9.0,16,0,,0
09.01.2026 22:00:00 +01:00,23,NO5,,9.0,35,0,,0
09.01.2026 23:00:00 +01:00,24,NO1,,9.0,16,0,,0
09.01.2026 23:00:00 +01:00,24,NO2,,9.0,38,0,,0
09.01.2026 23:00:00 +01:00,24,NO3,,9.0,42,0,,0
09.01.2026 23:00:00 +01:00,24,NO4,,9.0,16,0,,0
09.01.2026 23:00:00 +01:00,24,NO5,,9.0,41,0,,0
10.01.2026 00:00:00 +01:00,1,NO1,,10.0,18,0,,0
10.01.2026 00:00:00 +01:00,1,NO2,,10.0,52,0,,0
10.01.2026 00:00:00 +01:00,1,NO3,,10.0,31,0,,0
10.01.2026 00:00:00 +01:00,1,NO4,,10.0,26,0,,0
10.01.2026 00:00:00 +01:00,1,NO5,,10.0,26,0,,0
10.01.2026 01:00:00 +01:00,2,NO1,,10.0,18,0,,0
10.01.2026 01:00:00 +01:00,2,NO2,,10.0,50,0,,0
10.01.2026 01:00:00 +01:00,2,NO3,,10.0,43,0,,0
10.01.2026 01:00:00 +01:00,2,NO4,,10.0,26,0,,0
10.01.2026 01:00:00 +01:00,2,NO5,,10.0,16,0,,0
10.01.2026 02:00:00 +01:00,3,NO1,,11.3,21,0,,0
10.01.2026 02:00:00 +01:00,3,NO2,,11.3,50,0,,0
10.01.2026 02:00:00 +01:00,3,NO3,,11.3,42,0,,0
10.01.2026 02:00:00 +01:00,3,NO4,,11.3,25,0,,0
10.01.2026 02:00:00 +01:00,3,NO5,,11.3,16,0,,0
10.01.2026 03:00:00 +01:00,4,NO1,,10.0,22,0,,0
10.01.2026 03:00:00 +01:00,4,NO2,,10.0,47,0,,0
10.01.2026 03:00:00 +01:00,4,NO3,,10.0,43,0,,0
10.01.2026 03:00:00 +01:00,4,NO4,,10.0,26,0,,0
10.01.2026 03:00:00 +01:00,4,NO5,,10.0,16,0,,0
10.01.2026 04:00:00 +01:00,5,NO1,,11.3,22,0,,0
10.01.2026 04:00:00 +01:00,5,NO2,,11.3,46,0,,0
10.01.2026 04:00:00 +01:00,5,NO3,,11.3,44,0,,0
10.01.2026 04:00:00 +01:00,5,NO4,,11.3,25,0,,0
10.01.2026 04:00:00 +01:00,5,NO5,,11.3,16,0,,0
10.01.2026 05:00:00 +01:00,6,NO1,,11.3,20,0,,0
10.01.2026 05:00:00 +01:00,6,NO2,,11.3,47,0,,0
10.01.2026 05:00:00 +01:00,6,NO3,,11.3,44,0,,0
10.01.2026 05:00:00 +01:00,6,NO4,,11.3,26,0,,0
10.01.2026 05:00:00 +01:00,6,NO5,,11.3,16,0,,0
10.01.2026 06:00:00 +01:00,7,NO1,,11.87,20,0,,0
10.01.2026 06:00:00 +01:00,7,NO2,,11.87,49,0,,0
10.01.2026 06:00:00 +01:00,7,NO3,,11.87,44,0,,0
10.01.2026 06:00:00 +01:00,7,NO4,,11.87,25,0,,0
10.01.2026 06:00:00 +01:00,7,NO5,,11.87,16,0,,0
10.01.2026 07:00:00 +01:00,8,NO1,,10.0,14,0,,0
10.01.2026 07:00:00 +01:00,8,NO2,,10.0,51,0,,0
10.01.2026 07:00:00 +01:00,8,NO3,,10.0,39,0,,0
10.01.2026 07:00:00 +01:00,8,NO4,,10.0,17,0,,0
10.01.2026 07:00:00 +01:00,8,NO5,,10.0,33,0,,0
10.01.2026 08:00:00 +01:00,9,NO1,,10.85,10,0,,0
10.01.2026 08:00:00 +01:00,9,NO2,,10.85,70,0,,0
10.01.2026 08:00:00 +01:00,9,NO3,,10.85,38,0,,0
10.01.2026 08:00:00 +01:00,9,NO4,,10.85,19,0,,0
10.01.2026 08:00:00 +01:00,9,NO5,,10.85,19,0,,0
10.01.2026 09:00:00 +01:00,10,NO1,,14.3,12,0,,0
10.01.2026 09:00:00 +01:00,10,NO2,,14.3,80,0,,0
10.01.2026 09:00:00 +01:00,10,NO3,,14.3,33,0,,0
10.01.2026 09:00:00 +01:00,10,NO4,,14.3,18,0,,0
10.01.2026 09:00:00 +01:00,10,NO5,,14.3,14,0,,0
10.01.2026 10:00:00 +01:00,11,NO1,,20.0,15,0,,0
10.01.2026 10:00:00 +01:00,11,NO2,,20.0,64,0,,0
10.01.2026 10:00:00 +01:00,11,NO3,,20.0,29,0,,0
10.01.2026 10:00:00 +01:00,11,NO4,,20.0,17,0,,0
10.01.2026 10:00:00 +01:00,11,NO5,,20.0,32,0,,0
10.01.2026 11:00:00 +01:00,12,NO1,,22.2,20,0,,0
10.01.2026 11:00:00 +01:00,12,NO2,,22.2,72,0,,0
10.01.2026 11:00:00 +01:00,12,NO3,,22.2,27,0,,0
10.01.2026 11:00:00 +01:00,12,NO4,,22.2,17,0,,0
10.01.2026 11:00:00 +01:00,12,NO5,,22.2,22,0,,0
10.01.2026 12:00:00 +01:00,13,NO1,,22.2,20,0,,0
10.01.2026 12:00:00 +01:00,13,NO2,,22.2,72,0,,0
10.01.2026 12:00:00 +01:00,13,NO3,,22.2,26,0,,0
10.01.2026 12:00:00 +01:00,13,NO4,,22.2,17,0,,0
10.01.2026 12:00:00 +01:00,13,NO5,,22.2,22,0,,0
10.01.2026 13:00:00 +01:00,14,NO1,,24.0,20,0,,0
10.01.2026 13:00:00 +01:00,14,NO2,,24.0,73,0,,0
10.01.2026 13:00:00 +01:00,14,NO3,,24.0,27,0,,0
10.01.2026 13:00:00 +01:00,14,NO4,,24.0,22,0,,0
10.01.2026 13:00:00 +01:00,14,NO5,,24.0,16,0,,0
10.01.2026 14:00:00 +01:00,15,NO1,,27.91,21,0,,0
10.01.2026 14:00:00 +01:00,15,NO2,,27.91,78,0,,0
10.01.2026 14:00:00 +01:00,15,NO3,,27.91,25,0,,0
10.01.2026 14:00:00 +01:00,15,NO4,,27.91,17,0,,0
10.01.2026 14:00:00 +01:00,15,NO5,,27.91,17,0,,0
10.01.2026 15:00:00 +01:00,16,NO1,,30.5,20,0,,0
10.01.2026 15:00:00 +01:00,16,NO2,,30.5,74,0,,0
10.01.2026 15:00:00 +01:00,16,NO3,,30.5,28,0,,0
10.01.2026 15:00:00 +01:00,16,NO4,,30.5,17,0,,0
10.01.2026 15:00:00 +01:00,16,NO5,,30.5,18,0,,0
10.01.2026 16:00:00 +01:00,17,NO1,,33.92,20,0,,0
10.01.2026 16:00:00 +01:00,17,NO2,,33.92,77,0,,0
10.01.2026 16:00:00 +01:00,17,NO3,,33.92,27,0,,0
10.01.2026 16:00:00 +01:00,17,NO4,,33.92,17,0,,0
10.01.2026 16:00:00 +01:00,17,NO5,,33.92,14,0,,0
10.01.2026 17:00:00 +01:00,18,NO1,,37.1,20,0,,0
10.01.2026 17:00:00 +01:00,18,NO2,,37.1,76,0,,0
10.01.2026 17:00:00 +01:00,18,NO3,,37.1,24,0,,0
10.01.2026 17:00:00 +01:00,18,NO4,,37.1,17,0,,0
10.01.2026 17:00:00 +01:00,18,NO5,,37.1,20,0,,0
10.01.2026 18:00:00 +01:00,19,NO1,,35.4,20,0,,0
10.01.2026 18:00:00 +01:00,19,NO2,,35.4,77,0,,0
10.01.2026 18:00:00 +01:00,19,NO3,,35.4,27,0,,0
10.01.2026 18:00:00 +01:00,19,NO4,,35.4,17,0,,0
10.01.2026 18:00:00 +01:00,19,NO5,,35.4,16,0,,0
10.01.2026 19:00:00 +01:00,20,NO1,,33.92,20,0,,0
10.01.2026 19:00:00 +01:00,20,NO2,,33.92,79,0,,0
10.01.2026 19:00:00 +01:00,20,NO3,,33.92,25,0,,0
10.01.2026 19:00:00 +01:00,20,NO4,,33.92,17,0,,0
10.01.2026 19:00:00 +01:00,20,NO5,,33.92,16,0,,0
10.01.2026 20:00:00 +01:00,21,NO1,,32.3,20,0,,0
10.01.2026 20:00:00 +01:00,21,NO2,,32.3,72,0,,0
10.01.2026 20:00:00 +01:00,21,NO3,,32.3,31,0,,0
10.01.2026 20:00:00 +01:00,21,NO4,,32.3,17,0,,0
10.01.2026 20:00:00 +01:00,21,NO5,,32.3,16,0,,0
10.01.2026 21:00:00 +01:00,22,NO1,,28.55,20,0,,0
10.01.2026 21:00:00 +01:00,22,NO2,,28.55,67,0,,0
10.01.2026 21:00:00 +01:00,22,NO3,,28.55,36,0,,0
10.01.2026 21:00:00 +01:00,22,NO4,,28.55,17,0,,0
10.01.2026 21:00:00 +01:00,22,NO5,,28.55,17,0,,0
10.01.2026 22:00:00 +01:00,23,NO1,,21.2,20,0,,0
10.01.2026 22:00:00 +01:00,23,NO2,,21.2,67,0,,0
10.01.2026 22:00:00 +01:00,23,NO3,,21.2,33,0,,0
10.01.2026 22:00:00 +01:00,23,NO4,,21.2,17,0,,0
10.01.2026 22:00:00 +01:00,23,NO5,,21.2,16,0,,0
10.01.2026 23:00:00 +01:00,24,NO1,,14.3,16,0,,0
10.01.2026 23:00:00 +01:00,24,NO2,,14.3,58,0,,0
10.01.2026 23:00:00 +01:00,24,NO3,,14.3,38,0,,0
10.01.2026 23:00:00 +01:00,24,NO4,,14.3,17,0,,0
10.01.2026 23:00:00 +01:00,24,NO5,,14.3,25,0,,0
11.01.2026 00:00:00 +01:00,1,NO1,,14.6,15,0,,0
11.01.2026 00:00:00 +01:00,1,NO2,,14.6,78,0,,0
11.01.2026 00:00:00 +01:00,1,NO3,,14.6,29,0,,0
11.01.2026 00:00:00 +01:00,1,NO4,,14.6,15,0,,0
11.01.2026 00:00:00 +01:00,1,NO5,,14.6,22,0,,0
11.01.2026 01:00:00 +01:00,2,NO1,,14.3,14,0,,0
11.01.2026 01:00:00 +01:00,2,NO2,,14.3,63,0,,0
11.01.2026 01:00:00 +01:00,2,NO3,,14.3,29,0,,0
11.01.2026 01:00:00 +01:00,2,NO4,,14.3,11,0,,0
11.01.2026 01:00:00 +01:00,2,NO5,,14.3,42,0,,0
11.01.2026 02:00:00 +01:00,3,NO1,,11.3,22,0,,0
11.01.2026 02:00:00 +01:00,3,NO2,,11.3,53,0,,0
11.01.2026 02:00:00 +01:00,3,NO3,,11.3,37,0,,0
11.01.2026 02:00:00 +01:00,3,NO4,,11.3,15,0,,0
11.01.2026 02:00:00 +01:00,3,NO5,,11.3,31,0,,0
11.01.2026 03:00:00 +01:00,4,NO1,,10.0,20,0,,0
11.01.2026 03:00:00 +01:00,4,NO2,,10.0,48,0,,0
11.01.2026 03:00:00 +01:00,4,NO3,,10.0,37,0,,0
11.01.2026 03:00:00 +01:00,4,NO4,,10.0,11,0,,0
11.01.2026 03:00:00 +01:00,4,NO5,,10.0,42,0,,0
11.01.2026 04:00:00 +01:00,5,NO1,,10.0,22,0,,0
11.01.2026 04:00:00 +01:00,5,NO2,,10.0,46,0,,0
11.01.2026 04:00:00 +01:00,5,NO3,,10.0,37,0,,0
11.01.2026 04:00:00 +01:00,5,NO4,,10.0,11,0,,0
11.01.2026 04:00:00 +01:00,5,NO5,,10.0,42,0,,0
11.01.2026 05:00:00 +01:00,6,NO1,,10.0,20,0,,0
11.01.2026 05:00:00 +01:00,6,NO2,,10.0,53,0,,0
11.01.2026 05:00:00 +01:00,6,NO3,,10.0,37,0,,0
11.01.2026 05:00:00 +01:00,6,NO4,,10.0,11,0,,0
11.01.2026 05:00:00 +01:00,6,NO5,,10.0,37,0,,0
11.01.2026 06:00:00 +01:00,7,NO1,,10.1,22,0,,0
11.01.2026 06:00:00 +01:00,7,NO2,,10.1,51,0,,0
11.01.2026 06:00:00 +01:00,7,NO3,,10.1,37,0,,0
11.01.2026 06:00:00 +01:00,7,NO4,,10.1,15,0,,0
11.01.2026 06:00:00 +01:00,7,NO5,,10.1,33,0,,0
11.01.2026 07:00:00 +01:00,8,NO1,,14.0,13,0,,0
11.01.2026 07:00:00 +01:00,8,NO2,,14.0,64,0,,0
11.01.2026 07:00:00 +01:00,8,NO3,,14.0,37,0,,0
11.01.2026 07:00:00 +01:00,8,NO4,,14.0,11,0,,0
11.01.2026 07:00:00 +01:00,8,NO5,,14.0,34,0,,0
11.01.2026 08:00:00 +01:00,9,NO1,,18.0,25,0,,0
11.01.2026 08:00:00 +01:00,9,NO2,,18.0,64,0,,0
11.01.2026 08:00:00 +01:00,9,NO3,,18.0,26,0,,0
11.01.2026 08:00:00 +01:00,9,NO4,,18.0,11,0,,0
11.01.2026 08:00:00 +01:00,9,NO5,,18.0,32,0,,0
11.01.2026 09:00:00 +01:00,10,NO1,,23.4,26,0,,0
11.01.2026 09:00:00 +01:00,10,NO2,,23.4,48,0,,0
11.01.2026 09:00:00 +01:00,10,NO3,,23.4,15,0,,0
11.01.2026 09:00:00 +01:00,10,NO4,,23.4,11,0,,0
11.01.2026 09:00:00 +01:00,10,NO5,,23.4,59,0,,0
11.01.2026 10:00:00 +01:00,11,NO1,,23.4,26,0,,0
11.01.2026 10:00:00 +01:00,11,NO2,,23.4,48,0,,0
11.01.2026 10:00:00 +01:00,11,NO3,,23.4,15,0,,0
11.01.2026 10:00:00 +01:00,11,NO4,,23.4,13,0,,0
11.01.2026 10:00:00 +01:00,11,NO5,,23.4,49,0,,0
11.01.2026 11:00:00 +01:00,12,NO1,,23.4,25,0,,0
11.01.2026 11:00:00 +01:00,12,NO2,,23.4,48,0,,0
11.01.2026 11:00:00 +01:00,12,NO3,,23.4,15,0,,0
11.01.2026 11:00:00 +01:00,12,NO4,,23.4,13,0,,0
11.01.2026 11:00:00 +01:00,12,NO5,,23.4,51,0,,0
11.01.2026 12:00:00 +01:00,13,NO1,,31.1,27,0,,0
11.01.2026 12:00:00 +01:00,13,NO2,,31.1,64,0,,0
11.01.2026 12:00:00 +01:00,13,NO3,,31.1,16,0,,0
11.01.2026 12:00:00 +01:00,13,NO4,,31.1,11,0,,0
11.01.2026 12:00:00 +01:00,13,NO5,,31.1,42,0,,0
11.01.2026 13:00:00 +01:00,14,NO1,,25.0,28,0,,0
11.01.2026 13:00:00 +01:00,14,NO2,,25.0,55,0,,0
11.01.2026 13:00:00 +01:00,14,NO3,,25.0,15,0,,0
11.01.2026 13:00:00 +01:00,14,NO4,,25.0,11,0,,0
11.01.2026 13:00:00 +01:00,14,NO5,,25.0,50,0,,0
11.01.2026 14:00:00 +01:00,15,NO1,,23.8,27,0,,0
11.01.2026 14:00:00 +01:00,15,NO2,,23.8,53,0,,0
11.01.2026 14:00:00 +01:00,15,NO3,,23.8,15,0,,0
11.01.2026 14:00:00 +01:00,15,NO4,,23.8,11,0,,0
11.01.2026 14:00:00 +01:00,15,NO5,,23.8,52,0,,0
11.01.2026 15:00:00 +01:00,16,NO1,,31.0,26,0,,0
11.01.2026 15:00:00 +01:00,16,NO2,,31.0,61,0,,0
11.01.2026 15:00:00 +01:00,16,NO3,,31.0,15,0,,0
11.01.2026 15:00:00 +01:00,16,NO4,,31.0,13,0,,0
11.01.2026 15:00:00 +01:00,16,NO5,,31.0,43,0,,0
11.01.2026 16:00:00 +01:00,17,NO1,,30.1,26,0,,0
11.01.2026 16:00:00 +01:00,17,NO2,,30.1,55,0,,0
11.01.2026 16:00:00 +01:00,17,NO3,,30.1,15,0,,0
11.01.2026 16:00:00 +01:00,17,NO4,,30.1,13,0,,0
11.01.2026 16:00:00 +01:00,17,NO5,,30.1,47,0,,0
11.01.2026 17:00:00 +01:00,18,NO1,,32.4,25,0,,0
11.01.2026 17:00:00 +01:00,18,NO2,,32.4,60,0,,0
11.01.2026 17:00:00 +01:00,18,NO3,,32.4,17,0,,0
11.01.2026 17:00:00 +01:00,18,NO4,,32.4,13,0,,0
11.01.2026 17:00:00 +01:00,18,NO5,,32.4,43,0,,0
11.01.2026 18:00:00 +01:00,19,NO1,,31.0,25,0,,0
11.01.2026 18:00:00 +01:00,19,NO2,,31.0,58,0,,0
11.01.2026 18:00:00 +01:00,19,NO3,,31.0,15,0,,0
11.01.2026 18:00:00 +01:00,19,NO4,,31.0,13,0,,0
11.01.2026 18:00:00 +01:00,19,NO5,,31.0,46,0,,0
11.01.2026 19:00:00 +01:00,20,NO1,,28.6,27,0,,0
11.01.2026 19:00:00 +01:00,20,NO2,,28.6,50,0,,0
11.01.2026 19:00:00 +01:00,20,NO3,,28.6,15,0,,0
11.01.2026 19:00:00 +01:00,20,NO4,,28.6,14,0,,0
11.01.2026 19:00:00 +01:00,20,NO5,,28.6,51,0,,0
11.01.2026 20:00:00 +01:00,21,NO1,,21.5,26,0,,0
11.01.2026 20:00:00 +01:00,21,NO2,,21.5,57,0,,0
11.01.2026 20:00:00 +01:00,21,NO3,,21.5,15,0,,0
11.01.2026 20:00:00 +01:00,21,NO4,,21.5,14,0,,0
11.01.2026 20:00:00 +01:00,21,NO5,,21.5,45,0,,0
11.01.2026 21:00:00 +01:00,22,NO1,,19.8,24,0,,0
11.01.2026 21:00:00 +01:00,22,NO2,,19.8,56,0,,0
11.01.2026 21:00:00 +01:00,22,NO3,,19.8,22,0,,0
11.01.2026 21:00:00 +01:00,22,NO4,,19.8,14,0,,0
11.01.2026 21:00:00 +01:00,22,NO5,,19.8,36,0,,0
11.01.2026 22:00:00 +01:00,23,NO1,,16.19,25,0,,0
11.01.2026 22:00:00 +01:00,23,NO2,,16.19,56,0,,0
11.01.2026 22:00:00 +01:00,23,NO3,,16.19,26,0,,0
11.01.2026 22:00:00 +01:00,23,NO4,,16.19,14,0,,0
11.01.2026 22:00:00 +01:00,23,NO5,,16.19,30,0,,0
11.01.2026 23:00:00 +01:00,24,NO1,,11.5,13,0,,0
11.01.2026 23:00:00 +01:00,24,NO2,,11.5,56,0,,0
11.01.2026 23:00:00 +01:00,24,NO3,,11.5,29,0,,0
11.01.2026 23:00:00 +01:00,24,NO4,,11.5,12,0,,0
11.01.2026 23:00:00 +01:00,24,NO5,,11.5,41,0,,0
